node_id	coding	meaning	parent_id	depth	top_branch_id	top_branch_code	selectable	is_target_code
20	Chapter II	Chapter II Neoplasms	0	0	20	Chapter II	N	N
440	Block C00-C14	C00-C14 Malignant neoplasms of lip, oral cavity and pharynx	20	1	440	Block C00-C14	N	N
450	Block C15-C26	C15-C26 Malignant neoplasms of digestive organs	20	1	450	Block C15-C26	N	N
460	Block C30-C39	C30-C39 Malignant neoplasms of respiratory and intrathoracic organs	20	1	460	Block C30-C39	N	N
470	Block C40-C41	C40-C41 Malignant neoplasms of bone and articular cartilage	20	1	470	Block C40-C41	N	N
480	Block C43-C44	C43-C44 Melanoma and other malignant neoplasms of skin	20	1	480	Block C43-C44	N	N
490	Block C45-C49	C45-C49 Malignant neoplasms of mesothelial and soft tissue	20	1	490	Block C45-C49	N	N
500	Block C50-C50	C50-C50 Malignant neoplasm of breast	20	1	500	Block C50-C50	N	N
510	Block C51-C58	C51-C58 Malignant neoplasms of female genital organs	20	1	510	Block C51-C58	N	N
520	Block C60-C63	C60-C63 Malignant neoplasms of male genital organs	20	1	520	Block C60-C63	N	N
530	Block C64-C68	C64-C68 Malignant neoplasms of urinary tract	20	1	530	Block C64-C68	N	N
540	Block C69-C72	C69-C72 Malignant neoplasms of eye, brain and other parts of central nervous system	20	1	540	Block C69-C72	N	N
550	Block C73-C75	C73-C75 Malignant neoplasms of thyroid and other endocrine glands	20	1	550	Block C73-C75	N	N
560	Block C76-C80	C76-C80 Malignant neoplasms of ill-defined, secondary and unspecified sites	20	1	560	Block C76-C80	N	N
570	Block C81-C96	C81-C96 Malignant neoplasms, stated or presumed to be primary, of lymphoid, haematopoietic and related tissue	20	1	570	Block C81-C96	N	N
580	Block C97-C97	C97-C97 Malignant neoplasms of independent (primary) multiple sites	20	1	580	Block C97-C97	N	N
12070	C00	C00 Malignant neoplasm of lip	440	2	440	Block C00-C14	Y	Y
12170	C01	C01 Malignant neoplasm of base of tongue	440	2	440	Block C00-C14	Y	Y
12180	C02	C02 Malignant neoplasm of other and unspecified parts of tongue	440	2	440	Block C00-C14	Y	Y
12260	C03	C03 Malignant neoplasm of gum	440	2	440	Block C00-C14	Y	Y
12300	C04	C04 Malignant neoplasm of floor of mouth	440	2	440	Block C00-C14	Y	Y
12350	C05	C05 Malignant neoplasm of palate	440	2	440	Block C00-C14	Y	Y
12410	C06	C06 Malignant neoplasm of other and unspecified parts of mouth	440	2	440	Block C00-C14	Y	Y
12470	C07	C07 Malignant neoplasm of parotid gland	440	2	440	Block C00-C14	Y	Y
12480	C08	C08 Malignant neoplasm of other and unspecified major salivary glands	440	2	440	Block C00-C14	Y	Y
12530	C09	C09 Malignant neoplasm of tonsil	440	2	440	Block C00-C14	Y	Y
12580	C10	C10 Malignant neoplasm of oropharynx	440	2	440	Block C00-C14	Y	Y
12660	C11	C11 Malignant neoplasm of nasopharynx	440	2	440	Block C00-C14	Y	Y
12730	C12	C12 Malignant neoplasm of pyriform sinus	440	2	440	Block C00-C14	Y	Y
12740	C13	C13 Malignant neoplasm of hypopharynx	440	2	440	Block C00-C14	Y	Y
12800	C14	C14 Malignant neoplasm of other and ill-defined sites in the lip, oral cavity and pharynx	440	2	440	Block C00-C14	Y	Y
12840	C15	C15 Malignant neoplasm of oesophagus	450	2	450	Block C15-C26	Y	Y
12930	C16	C16 Malignant neoplasm of stomach	450	2	450	Block C15-C26	Y	Y
13030	C17	C17 Malignant neoplasm of small intestine	450	2	450	Block C15-C26	Y	Y
13100	C18	C18 Malignant neoplasm of colon	450	2	450	Block C15-C26	Y	Y
13210	C19	C19 Malignant neoplasm of rectosigmoid junction	450	2	450	Block C15-C26	Y	Y
13220	C20	C20 Malignant neoplasm of rectum	450	2	450	Block C15-C26	Y	Y
13230	C21	C21 Malignant neoplasm of anus and anal canal	450	2	450	Block C15-C26	Y	Y
13280	C22	C22 Malignant neoplasm of liver and intrahepatic bile ducts	450	2	450	Block C15-C26	Y	Y
13360	C23	C23 Malignant neoplasm of gallbladder	450	2	450	Block C15-C26	Y	Y
13370	C24	C24 Malignant neoplasm of other and unspecified parts of biliary tract	450	2	450	Block C15-C26	Y	Y
13420	C25	C25 Malignant neoplasm of pancreas	450	2	450	Block C15-C26	Y	Y
13510	C26	C26 Malignant neoplasm of other and ill-defined digestive organs	450	2	450	Block C15-C26	Y	Y
13560	C30	C30 Malignant neoplasm of nasal cavity and middle ear	460	2	460	Block C30-C39	Y	Y
13590	C31	C31 Malignant neoplasm of accessory sinuses	460	2	460	Block C30-C39	Y	Y
13660	C32	C32 Malignant neoplasm of larynx	460	2	460	Block C30-C39	Y	Y
13730	C33	C33 Malignant neoplasm of trachea	460	2	460	Block C30-C39	Y	Y
13740	C34	C34 Malignant neoplasm of bronchus and lung	460	2	460	Block C30-C39	Y	Y
13810	C37	C37 Malignant neoplasm of thymus	460	2	460	Block C30-C39	Y	Y
13820	C38	C38 Malignant neoplasm of heart, mediastinum and pleura	460	2	460	Block C30-C39	Y	Y
13890	C39	C39 Malignant neoplasm of other and ill-defined sites in the respiratory system and intrathoracic organs	460	2	460	Block C30-C39	Y	Y
13930	C40	C40 Malignant neoplasm of bone and articular cartilage of limbs	470	2	470	Block C40-C41	Y	Y
14000	C41	C41 Malignant neoplasm of bone and articular cartilage of other and unspecified sites	470	2	470	Block C40-C41	Y	Y
14080	C42	C42 hematopoietic and reticuloendothelial systems (ICD-O-3 specific)	470	2	470	Block C40-C41	Y	Y
14140	C43	C43 Malignant melanoma of skin	480	2	480	Block C43-C44	Y	Y
14250	C44	C44 Other malignant neoplasms of skin	480	2	480	Block C43-C44	Y	Y
14360	C45	C45 Mesothelioma	490	2	490	Block C45-C49	Y	Y
14420	C46	C46 Kaposi's sarcoma	490	2	490	Block C45-C49	Y	Y
14500	C47	C47 Malignant neoplasm of peripheral nerves and autonomic nervous system	490	2	490	Block C45-C49	Y	Y
14600	C48	C48 Malignant neoplasm of retroperitoneum and peritoneum	490	2	490	Block C45-C49	Y	Y
14650	C49	C49 Malignant neoplasm of other connective and soft tissue	490	2	490	Block C45-C49	Y	Y
14750	C50	C50 Malignant neoplasm of breast	500	2	500	Block C50-C50	Y	Y
14850	C51	C51 Malignant neoplasm of vulva	510	2	510	Block C51-C58	Y	Y
14910	C52	C52 Malignant neoplasm of vagina	510	2	510	Block C51-C58	Y	Y
14920	C53	C53 Malignant neoplasm of cervix uteri	510	2	510	Block C51-C58	Y	Y
14970	C54	C54 Malignant neoplasm of corpus uteri	510	2	510	Block C51-C58	Y	Y
15040	C55	C55 Malignant neoplasm of uterus, part unspecified	510	2	510	Block C51-C58	Y	Y
15050	C56	C56 Malignant neoplasm of ovary	510	2	510	Block C51-C58	Y	Y
15060	C57	C57 Malignant neoplasm of other and unspecified female genital organs	510	2	510	Block C51-C58	Y	Y
15150	C58	C58 Malignant neoplasm of placenta	510	2	510	Block C51-C58	Y	Y
15160	C60	C60 Malignant neoplasm of penis	520	2	520	Block C60-C63	Y	Y
15220	C61	C61 Malignant neoplasm of prostate	520	2	520	Block C60-C63	Y	Y
15230	C62	C62 Malignant neoplasm of testis	520	2	520	Block C60-C63	Y	Y
15270	C63	C63 Malignant neoplasm of other and unspecified male genital organs	520	2	520	Block C60-C63	Y	Y
15340	C64	C64 Malignant neoplasm of kidney, except renal pelvis	530	2	530	Block C64-C68	Y	Y
15350	C65	C65 Malignant neoplasm of renal pelvis	530	2	530	Block C64-C68	Y	Y
15360	C66	C66 Malignant neoplasm of ureter	530	2	530	Block C64-C68	Y	Y
15370	C67	C67 Malignant neoplasm of bladder	530	2	530	Block C64-C68	Y	Y
15480	C68	C68 Malignant neoplasm of other and unspecified urinary organs	530	2	530	Block C64-C68	Y	Y
15530	C69	C69 Malignant neoplasm of eye and adnexa	540	2	540	Block C69-C72	Y	Y
15630	C70	C70 Malignant neoplasm of meninges	540	2	540	Block C69-C72	Y	Y
15670	C71	C71 Malignant neoplasm of brain	540	2	540	Block C69-C72	Y	Y
15780	C72	C72 Malignant neoplasm of spinal cord, cranial nerves and other parts of central nervous system	540	2	540	Block C69-C72	Y	Y
15870	C73	C73 Malignant neoplasm of thyroid gland	550	2	550	Block C73-C75	Y	Y
15880	C74	C74 Malignant neoplasm of adrenal gland	550	2	550	Block C73-C75	Y	Y
15920	C75	C75 Malignant neoplasm of other endocrine glands and related structures	550	2	550	Block C73-C75	Y	Y
16010	C76	C76 Malignant neoplasm of other and ill-defined sites	560	2	560	Block C76-C80	Y	Y
16100	C77	C77 Secondary and unspecified malignant neoplasm of lymph nodes	560	2	560	Block C76-C80	Y	Y
16190	C78	C78 Secondary malignant neoplasm of respiratory and digestive organs	560	2	560	Block C76-C80	Y	Y
16290	C79	C79 Secondary malignant neoplasm of other sites	560	2	560	Block C76-C80	Y	Y
16400	C80	C80 Malignant neoplasm without specification of site	560	2	560	Block C76-C80	Y	Y
16430	C81	C81 Hodgkin's disease	570	2	570	Block C81-C96	Y	Y
16510	C82	C82 Follicular [nodular] non-Hodgkin's lymphoma	570	2	570	Block C81-C96	Y	Y
16610	C83	C83 Diffuse non-Hodgkin's lymphoma	570	2	570	Block C81-C96	Y	Y
16720	C84	C84 Peripheral and cutaneous T-cell lymphomas	570	2	570	Block C81-C96	Y	Y
16830	C85	C85 Other and unspecified types of non-Hodgkin's lymphoma	570	2	570	Block C81-C96	Y	Y
16890	C86	C86 Other specified types of T/NK-cell lymphoma	570	2	570	Block C81-C96	Y	Y
16970	C88	C88 Malignant immunoproliferative diseases	570	2	570	Block C81-C96	Y	Y
17050	C90	C90 Multiple myeloma and malignant plasma cell neoplasms	570	2	570	Block C81-C96	Y	Y
17100	C91	C91 Lymphoid leukaemia	570	2	570	Block C81-C96	Y	Y
17210	C92	C92 Myeloid leukaemia	570	2	570	Block C81-C96	Y	Y
17320	C93	C93 Monocytic leukaemia	570	2	570	Block C81-C96	Y	Y
17390	C94	C94 Other leukaemias of specified cell type	570	2	570	Block C81-C96	Y	Y
17480	C95	C95 Leukaemia of unspecified cell type	570	2	570	Block C81-C96	Y	Y
17540	C96	C96 Other and unspecified malignant neoplasms of lymphoid, haematopoietic and related tissue	570	2	570	Block C81-C96	Y	Y
17650	C97	C97 Malignant neoplasms of independent (primary) multiple sites	580	2	580	Block C97-C97	Y	Y
12080	C000	C00.0 External upper lip	12070	3	440	Block C00-C14	Y	Y
12090	C001	C00.1 External lower lip	12070	3	440	Block C00-C14	Y	Y
12100	C002	C00.2 External lip, unspecified	12070	3	440	Block C00-C14	Y	Y
12110	C003	C00.3 Upper lip, inner aspect	12070	3	440	Block C00-C14	Y	Y
12120	C004	C00.4 Lower lip, inner aspect	12070	3	440	Block C00-C14	Y	Y
12130	C005	C00.5 Lip, unspecified, inner aspect	12070	3	440	Block C00-C14	Y	Y
12140	C006	C00.6 Commissure of lip	12070	3	440	Block C00-C14	Y	Y
12150	C008	C00.8 Overlapping lesion of lip	12070	3	440	Block C00-C14	Y	Y
12160	C009	C00.9 Lip, unspecified	12070	3	440	Block C00-C14	Y	Y
12190	C020	C02.0 Dorsal surface of tongue	12180	3	440	Block C00-C14	Y	Y
12200	C021	C02.1 Border of tongue	12180	3	440	Block C00-C14	Y	Y
12210	C022	C02.2 Ventral surface of tongue	12180	3	440	Block C00-C14	Y	Y
12220	C023	C02.3 Anterior two-thirds of tongue, part unspecified	12180	3	440	Block C00-C14	Y	Y
12230	C024	C02.4 Lingual tonsil	12180	3	440	Block C00-C14	Y	Y
12240	C028	C02.8 Overlapping lesion of tongue	12180	3	440	Block C00-C14	Y	Y
12250	C029	C02.9 Tongue, unspecified	12180	3	440	Block C00-C14	Y	Y
12270	C030	C03.0 Upper gum	12260	3	440	Block C00-C14	Y	Y
12280	C031	C03.1 Lower gum	12260	3	440	Block C00-C14	Y	Y
12290	C039	C03.9 Gum, unspecified	12260	3	440	Block C00-C14	Y	Y
12310	C040	C04.0 Anterior floor of mouth	12300	3	440	Block C00-C14	Y	Y
12320	C041	C04.1 Lateral floor of mouth	12300	3	440	Block C00-C14	Y	Y
12330	C048	C04.8 Overlapping lesion of floor of mouth	12300	3	440	Block C00-C14	Y	Y
12340	C049	C04.9 Floor of mouth, unspecified	12300	3	440	Block C00-C14	Y	Y
12360	C050	C05.0 Hard palate	12350	3	440	Block C00-C14	Y	Y
12370	C051	C05.1 Soft palate	12350	3	440	Block C00-C14	Y	Y
12380	C052	C05.2 Uvula	12350	3	440	Block C00-C14	Y	Y
12390	C058	C05.8 Overlapping lesion of palate	12350	3	440	Block C00-C14	Y	Y
12400	C059	C05.9 Palate, unspecified	12350	3	440	Block C00-C14	Y	Y
12420	C060	C06.0 Cheek mucosa	12410	3	440	Block C00-C14	Y	Y
12430	C061	C06.1 Vestibule of mouth	12410	3	440	Block C00-C14	Y	Y
12440	C062	C06.2 Retromolar area	12410	3	440	Block C00-C14	Y	Y
12450	C068	C06.8 Overlapping lesion of other and unspecified parts of mouth	12410	3	440	Block C00-C14	Y	Y
12460	C069	C06.9 Mouth, unspecified	12410	3	440	Block C00-C14	Y	Y
12490	C080	C08.0 Submandibular gland	12480	3	440	Block C00-C14	Y	Y
12500	C081	C08.1 Sublingual gland	12480	3	440	Block C00-C14	Y	Y
12510	C088	C08.8 Overlapping lesion of major salivary glands	12480	3	440	Block C00-C14	Y	Y
12520	C089	C08.9 Major salivary gland, unspecified	12480	3	440	Block C00-C14	Y	Y
12540	C090	C09.0 Tonsillar fossa	12530	3	440	Block C00-C14	Y	Y
12550	C091	C09.1 Tonsillar pillar (anterior) (posterior)	12530	3	440	Block C00-C14	Y	Y
12560	C098	C09.8 Overlapping lesion of tonsil	12530	3	440	Block C00-C14	Y	Y
12570	C099	C09.9 Tonsil, unspecified	12530	3	440	Block C00-C14	Y	Y
12590	C100	C10.0 Vallecula	12580	3	440	Block C00-C14	Y	Y
12600	C101	C10.1 Anterior surface of epiglottis	12580	3	440	Block C00-C14	Y	Y
12610	C102	C10.2 Lateral wall of oropharynx	12580	3	440	Block C00-C14	Y	Y
12620	C103	C10.3 Posterior wall of oropharynx	12580	3	440	Block C00-C14	Y	Y
12630	C104	C10.4 Branchial cleft	12580	3	440	Block C00-C14	Y	Y
12640	C108	C10.8 Overlapping lesion of oropharynx	12580	3	440	Block C00-C14	Y	Y
12650	C109	C10.9 Oropharynx, unspecified	12580	3	440	Block C00-C14	Y	Y
12670	C110	C11.0 Superior wall of nasopharynx	12660	3	440	Block C00-C14	Y	Y
12680	C111	C11.1 Posterior wall of nasopharynx	12660	3	440	Block C00-C14	Y	Y
12690	C112	C11.2 Lateral wall of nasopharynx	12660	3	440	Block C00-C14	Y	Y
12700	C113	C11.3 Anterior wall of nasopharynx	12660	3	440	Block C00-C14	Y	Y
12710	C118	C11.8 Overlapping lesion of nasopharynx	12660	3	440	Block C00-C14	Y	Y
12720	C119	C11.9 Nasopharynx, unspecified	12660	3	440	Block C00-C14	Y	Y
12750	C130	C13.0 Postcricoid region	12740	3	440	Block C00-C14	Y	Y
12760	C131	C13.1 Aryepiglottic fold, hypopharyngeal aspect	12740	3	440	Block C00-C14	Y	Y
12770	C132	C13.2 Posterior wall of hypopharynx	12740	3	440	Block C00-C14	Y	Y
12780	C138	C13.8 Overlapping lesion of hypopharynx	12740	3	440	Block C00-C14	Y	Y
12790	C139	C13.9 Hypopharynx, unspecified	12740	3	440	Block C00-C14	Y	Y
12810	C140	C14.0 Pharynx, unspecified	12800	3	440	Block C00-C14	Y	Y
12820	C142	C14.2 Waldeyer's ring	12800	3	440	Block C00-C14	Y	Y
12830	C148	C14.8 Overlapping lesion of lip, oral cavity and pharynx	12800	3	440	Block C00-C14	Y	Y
12850	C150	C15.0 Cervical part of oesophagus	12840	3	450	Block C15-C26	Y	Y
12860	C151	C15.1 Thoracic part of oesophagus	12840	3	450	Block C15-C26	Y	Y
12870	C152	C15.2 Abdominal part of oesophagus	12840	3	450	Block C15-C26	Y	Y
12880	C153	C15.3 Upper third of oesophagus	12840	3	450	Block C15-C26	Y	Y
12890	C154	C15.4 Middle third of oesophagus	12840	3	450	Block C15-C26	Y	Y
12900	C155	C15.5 Lower third of oesophagus	12840	3	450	Block C15-C26	Y	Y
12910	C158	C15.8 Overlapping lesion of oesophagus	12840	3	450	Block C15-C26	Y	Y
12920	C159	C15.9 Oesophagus, unspecified	12840	3	450	Block C15-C26	Y	Y
12940	C160	C16.0 Cardia	12930	3	450	Block C15-C26	Y	Y
12950	C161	C16.1 Fundus of stomach	12930	3	450	Block C15-C26	Y	Y
12960	C162	C16.2 Body of stomach	12930	3	450	Block C15-C26	Y	Y
12970	C163	C16.3 Pyloric antrum	12930	3	450	Block C15-C26	Y	Y
12980	C164	C16.4 Pylorus	12930	3	450	Block C15-C26	Y	Y
12990	C165	C16.5 Lesser curvature of stomach, unspecified	12930	3	450	Block C15-C26	Y	Y
13000	C166	C16.6 Greater curvature of stomach, unspecified	12930	3	450	Block C15-C26	Y	Y
13010	C168	C16.8 Overlapping lesion of stomach	12930	3	450	Block C15-C26	Y	Y
13020	C169	C16.9 Stomach, unspecified	12930	3	450	Block C15-C26	Y	Y
13040	C170	C17.0 Duodenum	13030	3	450	Block C15-C26	Y	Y
13050	C171	C17.1 Jejunum	13030	3	450	Block C15-C26	Y	Y
13060	C172	C17.2 Ileum	13030	3	450	Block C15-C26	Y	Y
13070	C173	C17.3 Meckel's diverticulum	13030	3	450	Block C15-C26	Y	Y
13080	C178	C17.8 Overlapping lesion of small intestine	13030	3	450	Block C15-C26	Y	Y
13090	C179	C17.9 Small intestine, unspecified	13030	3	450	Block C15-C26	Y	Y
13110	C180	C18.0 Caecum	13100	3	450	Block C15-C26	Y	Y
13120	C181	C18.1 Appendix	13100	3	450	Block C15-C26	Y	Y
13130	C182	C18.2 Ascending colon	13100	3	450	Block C15-C26	Y	Y
13140	C183	C18.3 Hepatic flexure	13100	3	450	Block C15-C26	Y	Y
13150	C184	C18.4 Transverse colon	13100	3	450	Block C15-C26	Y	Y
13160	C185	C18.5 Splenic flexure	13100	3	450	Block C15-C26	Y	Y
13170	C186	C18.6 Descending colon	13100	3	450	Block C15-C26	Y	Y
13180	C187	C18.7 Sigmoid colon	13100	3	450	Block C15-C26	Y	Y
13190	C188	C18.8 Overlapping lesion of colon	13100	3	450	Block C15-C26	Y	Y
13200	C189	C18.9 Colon, unspecified	13100	3	450	Block C15-C26	Y	Y
13240	C210	C21.0 Anus, unspecified	13230	3	450	Block C15-C26	Y	Y
13250	C211	C21.1 Anal canal	13230	3	450	Block C15-C26	Y	Y
13260	C212	C21.2 Cloacogenic zone	13230	3	450	Block C15-C26	Y	Y
13270	C218	C21.8 Overlapping lesion of rectum, anus and anal canal	13230	3	450	Block C15-C26	Y	Y
13290	C220	C22.0 Liver cell carcinoma	13280	3	450	Block C15-C26	Y	Y
13300	C221	C22.1 Intrahepatic bile duct carcinoma	13280	3	450	Block C15-C26	Y	Y
13310	C222	C22.2 Hepatoblastoma	13280	3	450	Block C15-C26	Y	Y
13320	C223	C22.3 Angiosarcoma of liver	13280	3	450	Block C15-C26	Y	Y
13330	C224	C22.4 Other sarcomas of liver	13280	3	450	Block C15-C26	Y	Y
13340	C227	C22.7 Other specified carcinomas of liver	13280	3	450	Block C15-C26	Y	Y
13350	C229	C22.9 Liver, unspecified	13280	3	450	Block C15-C26	Y	Y
13380	C240	C24.0 Extrahepatic bile duct	13370	3	450	Block C15-C26	Y	Y
13390	C241	C24.1 Ampulla of Vater	13370	3	450	Block C15-C26	Y	Y
13400	C248	C24.8 Overlapping lesion of biliary tract	13370	3	450	Block C15-C26	Y	Y
13410	C249	C24.9 Biliary tract, unspecified	13370	3	450	Block C15-C26	Y	Y
13430	C250	C25.0 Head of pancreas	13420	3	450	Block C15-C26	Y	Y
13440	C251	C25.1 Body of pancreas	13420	3	450	Block C15-C26	Y	Y
13450	C252	C25.2 Tail of pancreas	13420	3	450	Block C15-C26	Y	Y
13460	C253	C25.3 Pancreatic duct	13420	3	450	Block C15-C26	Y	Y
13470	C254	C25.4 Endocrine pancreas	13420	3	450	Block C15-C26	Y	Y
13480	C257	C25.7 Other parts of pancreas	13420	3	450	Block C15-C26	Y	Y
13490	C258	C25.8 Overlapping lesion of pancreas	13420	3	450	Block C15-C26	Y	Y
13500	C259	C25.9 Pancreas, unspecified	13420	3	450	Block C15-C26	Y	Y
13520	C260	C26.0 Intestinal tract, part unspecified	13510	3	450	Block C15-C26	Y	Y
13530	C261	C26.1 Spleen	13510	3	450	Block C15-C26	Y	Y
13540	C268	C26.8 Overlapping lesion of digestive system	13510	3	450	Block C15-C26	Y	Y
13550	C269	C26.9 Ill-defined sites within the digestive system	13510	3	450	Block C15-C26	Y	Y
13570	C300	C30.0 Nasal cavity	13560	3	460	Block C30-C39	Y	Y
13580	C301	C30.1 Middle ear	13560	3	460	Block C30-C39	Y	Y
13600	C310	C31.0 Maxillary sinus	13590	3	460	Block C30-C39	Y	Y
13610	C311	C31.1 Ethmoidal sinus	13590	3	460	Block C30-C39	Y	Y
13620	C312	C31.2 Frontal sinus	13590	3	460	Block C30-C39	Y	Y
13630	C313	C31.3 Sphenoidal sinus	13590	3	460	Block C30-C39	Y	Y
13640	C318	C31.8 Overlapping lesion of accessory sinuses	13590	3	460	Block C30-C39	Y	Y
13650	C319	C31.9 Accessory sinus, unspecified	13590	3	460	Block C30-C39	Y	Y
13670	C320	C32.0 Glottis	13660	3	460	Block C30-C39	Y	Y
13680	C321	C32.1 Supraglottis	13660	3	460	Block C30-C39	Y	Y
13690	C322	C32.2 Subglottis	13660	3	460	Block C30-C39	Y	Y
13700	C323	C32.3 Laryngeal cartilage	13660	3	460	Block C30-C39	Y	Y
13710	C328	C32.8 Overlapping lesion of larynx	13660	3	460	Block C30-C39	Y	Y
13720	C329	C32.9 Larynx, unspecified	13660	3	460	Block C30-C39	Y	Y
13750	C340	C34.0 Main bronchus	13740	3	460	Block C30-C39	Y	Y
13760	C341	C34.1 Upper lobe, bronchus or lung	13740	3	460	Block C30-C39	Y	Y
13770	C342	C34.2 Middle lobe, bronchus or lung	13740	3	460	Block C30-C39	Y	Y
13780	C343	C34.3 Lower lobe, bronchus or lung	13740	3	460	Block C30-C39	Y	Y
13790	C348	C34.8 Overlapping lesion of bronchus and lung	13740	3	460	Block C30-C39	Y	Y
13800	C349	C34.9 Bronchus or lung, unspecified	13740	3	460	Block C30-C39	Y	Y
13830	C380	C38.0 Heart	13820	3	460	Block C30-C39	Y	Y
13840	C381	C38.1 Anterior mediastinum	13820	3	460	Block C30-C39	Y	Y
13850	C382	C38.2 Posterior mediastinum	13820	3	460	Block C30-C39	Y	Y
13860	C383	C38.3 Mediastinum, part unspecified	13820	3	460	Block C30-C39	Y	Y
13870	C384	C38.4 Pleura	13820	3	460	Block C30-C39	Y	Y
13880	C388	C38.8 Overlapping lesion of heart, mediastinum and pleura	13820	3	460	Block C30-C39	Y	Y
13900	C390	C39.0 Upper respiratory tract, part unspecified	13890	3	460	Block C30-C39	Y	Y
13910	C398	C39.8 Overlapping lesion of respiratory and intrathoracic organs	13890	3	460	Block C30-C39	Y	Y
13920	C399	C39.9 Ill-defined sites within the respiratory system	13890	3	460	Block C30-C39	Y	Y
13940	C400	C40.0 Scapula and long bones of upper limb	13930	3	470	Block C40-C41	Y	Y
13950	C401	C40.1 Short bones of upper limb	13930	3	470	Block C40-C41	Y	Y
13960	C402	C40.2 Long bones of lower limb	13930	3	470	Block C40-C41	Y	Y
13970	C403	C40.3 Short bones of lower limb	13930	3	470	Block C40-C41	Y	Y
13980	C408	C40.8 Overlapping lesion of bone and articular cartilage of limbs	13930	3	470	Block C40-C41	Y	Y
13990	C409	C40.9 Bone and articular cartilage of limb, unspecified	13930	3	470	Block C40-C41	Y	Y
14010	C410	C41.0 Bones of skull and face	14000	3	470	Block C40-C41	Y	Y
14020	C411	C41.1 Mandible	14000	3	470	Block C40-C41	Y	Y
14030	C412	C41.2 Vertebral column	14000	3	470	Block C40-C41	Y	Y
14040	C413	C41.3 Ribs, sternum and clavicle	14000	3	470	Block C40-C41	Y	Y
14050	C414	C41.4 Pelvic bones, sacrum and coccyx	14000	3	470	Block C40-C41	Y	Y
14060	C418	C41.8 Overlapping lesion of bone and articular cartilage	14000	3	470	Block C40-C41	Y	Y
14070	C419	C41.9 Bone and articular cartilage, unspecified	14000	3	470	Block C40-C41	Y	Y
14090	C420	C42.0 hematopoietic and reticuloendothelial systems: blood (ICD-O-3 specific)	14080	3	470	Block C40-C41	Y	Y
14100	C421	C42.1 hematopoietic and reticuloendothelial systems: bone marrow (ICD-O-3 specific)	14080	3	470	Block C40-C41	Y	Y
14110	C422	C42.2 hematopoietic and reticuloendothelial systems: spleen (ICD-O-3 specific)	14080	3	470	Block C40-C41	Y	Y
14120	C423	C42.3 hematopoietic and reticuloendothelial systems: Reticuloendothelial system, NOS (ICD-O-3 specific)	14080	3	470	Block C40-C41	Y	Y
14130	C424	C42.4 hematopoietic and reticuloendothelial systems: Hematopoietic system, NOS  (ICD-O-3 specific)	14080	3	470	Block C40-C41	Y	Y
14150	C430	C43.0 Malignant melanoma of lip	14140	3	480	Block C43-C44	Y	Y
14160	C431	C43.1 Malignant melanoma of eyelid, including canthus	14140	3	480	Block C43-C44	Y	Y
14170	C432	C43.2 Malignant melanoma of ear and external auricular canal	14140	3	480	Block C43-C44	Y	Y
14180	C433	C43.3 Malignant melanoma of other and unspecified parts of face	14140	3	480	Block C43-C44	Y	Y
14190	C434	C43.4 Malignant melanoma of scalp and neck	14140	3	480	Block C43-C44	Y	Y
14200	C435	C43.5 Malignant melanoma of trunk	14140	3	480	Block C43-C44	Y	Y
14210	C436	C43.6 Malignant melanoma of upper limb, including shoulder	14140	3	480	Block C43-C44	Y	Y
14220	C437	C43.7 Malignant melanoma of lower limb, including hip	14140	3	480	Block C43-C44	Y	Y
14230	C438	C43.8 Overlapping malignant melanoma of skin	14140	3	480	Block C43-C44	Y	Y
14240	C439	C43.9 Malignant melanoma of skin, unspecified	14140	3	480	Block C43-C44	Y	Y
14260	C440	C44.0 Skin of lip	14250	3	480	Block C43-C44	Y	Y
14270	C441	C44.1 Skin of eyelid, including canthus	14250	3	480	Block C43-C44	Y	Y
14280	C442	C44.2 Skin of ear and external auricular canal	14250	3	480	Block C43-C44	Y	Y
14290	C443	C44.3 Skin of other and unspecified parts of face	14250	3	480	Block C43-C44	Y	Y
14300	C444	C44.4 Skin of scalp and neck	14250	3	480	Block C43-C44	Y	Y
14310	C445	C44.5 Skin of trunk	14250	3	480	Block C43-C44	Y	Y
14320	C446	C44.6 Skin of upper limb, including shoulder	14250	3	480	Block C43-C44	Y	Y
14330	C447	C44.7 Skin of lower limb, including hip	14250	3	480	Block C43-C44	Y	Y
14340	C448	C44.8 Overlapping lesion of skin	14250	3	480	Block C43-C44	Y	Y
14350	C449	C44.9 Malignant neoplasm of skin, unspecified	14250	3	480	Block C43-C44	Y	Y
14370	C450	C45.0 Mesothelioma of pleura	14360	3	490	Block C45-C49	Y	Y
14380	C451	C45.1 Mesothelioma of peritoneum	14360	3	490	Block C45-C49	Y	Y
14390	C452	C45.2 Mesothelioma of pericardium	14360	3	490	Block C45-C49	Y	Y
14400	C457	C45.7 Mesothelioma of other sites	14360	3	490	Block C45-C49	Y	Y
14410	C459	C45.9 Mesothelioma, unspecified	14360	3	490	Block C45-C49	Y	Y
14430	C460	C46.0 Kaposi's sarcoma of skin	14420	3	490	Block C45-C49	Y	Y
14440	C461	C46.1 Kaposi's sarcoma of soft tissue	14420	3	490	Block C45-C49	Y	Y
14450	C462	C46.2 Kaposi's sarcoma of palate	14420	3	490	Block C45-C49	Y	Y
14460	C463	C46.3 Kaposi's sarcoma of lymph nodes	14420	3	490	Block C45-C49	Y	Y
14470	C467	C46.7 Kaposi's sarcoma of other sites	14420	3	490	Block C45-C49	Y	Y
14480	C468	C46.8 Kaposi's sarcoma of multiple organs	14420	3	490	Block C45-C49	Y	Y
14490	C469	C46.9 Kaposi's sarcoma, unspecified	14420	3	490	Block C45-C49	Y	Y
14510	C470	C47.0 Peripheral nerves of head, face and neck	14500	3	490	Block C45-C49	Y	Y
14520	C471	C47.1 Peripheral nerves of upper limb, including shoulder	14500	3	490	Block C45-C49	Y	Y
14530	C472	C47.2 Peripheral nerves of lower limb, including hip	14500	3	490	Block C45-C49	Y	Y
14540	C473	C47.3 Peripheral nerves of thorax	14500	3	490	Block C45-C49	Y	Y
14550	C474	C47.4 Peripheral nerves of abdomen	14500	3	490	Block C45-C49	Y	Y
14560	C475	C47.5 Peripheral nerves of pelvis	14500	3	490	Block C45-C49	Y	Y
14570	C476	C47.6 Peripheral nerves of trunk, unspecified	14500	3	490	Block C45-C49	Y	Y
14580	C478	C47.8 Overlapping lesion of peripheral nerves and autonomic nervous system	14500	3	490	Block C45-C49	Y	Y
14590	C479	C47.9 Peripheral nerves and autonomic nervous system, unspecified	14500	3	490	Block C45-C49	Y	Y
14610	C480	C48.0 Retroperitoneum	14600	3	490	Block C45-C49	Y	Y
14620	C481	C48.1 Specified parts of peritoneum	14600	3	490	Block C45-C49	Y	Y
14630	C482	C48.2 Peritoneum, unspecified	14600	3	490	Block C45-C49	Y	Y
14640	C488	C48.8 Overlapping lesion of retroperitoneum and peritoneum	14600	3	490	Block C45-C49	Y	Y
14660	C490	C49.0 Connective and soft tissue of head, face and neck	14650	3	490	Block C45-C49	Y	Y
14670	C491	C49.1 Connective and soft tissue of upper limb, including shoulder	14650	3	490	Block C45-C49	Y	Y
14680	C492	C49.2 Connective and soft tissue of lower limb, including hip	14650	3	490	Block C45-C49	Y	Y
14690	C493	C49.3 Connective and soft tissue of thorax	14650	3	490	Block C45-C49	Y	Y
14700	C494	C49.4 Connective and soft tissue of abdomen	14650	3	490	Block C45-C49	Y	Y
14710	C495	C49.5 Connective and soft tissue of pelvis	14650	3	490	Block C45-C49	Y	Y
14720	C496	C49.6 Connective and soft tissue of trunk, unspecified	14650	3	490	Block C45-C49	Y	Y
14730	C498	C49.8 Overlapping lesion of connective and soft tissue	14650	3	490	Block C45-C49	Y	Y
14740	C499	C49.9 Connective and soft tissue, unspecified	14650	3	490	Block C45-C49	Y	Y
14760	C500	C50.0 Nipple and areola	14750	3	500	Block C50-C50	Y	Y
14770	C501	C50.1 Central portion of breast	14750	3	500	Block C50-C50	Y	Y
14780	C502	C50.2 Upper-inner quadrant of breast	14750	3	500	Block C50-C50	Y	Y
14790	C503	C50.3 Lower-inner quadrant of breast	14750	3	500	Block C50-C50	Y	Y
14800	C504	C50.4 Upper-outer quadrant of breast	14750	3	500	Block C50-C50	Y	Y
14810	C505	C50.5 Lower-outer quadrant of breast	14750	3	500	Block C50-C50	Y	Y
14820	C506	C50.6 Axillary tail of breast	14750	3	500	Block C50-C50	Y	Y
14830	C508	C50.8 Overlapping lesion of breast	14750	3	500	Block C50-C50	Y	Y
14840	C509	C50.9 Breast, unspecified	14750	3	500	Block C50-C50	Y	Y
14860	C510	C51.0 Labium majus	14850	3	510	Block C51-C58	Y	Y
14870	C511	C51.1 Labium minus	14850	3	510	Block C51-C58	Y	Y
14880	C512	C51.2 Clitoris	14850	3	510	Block C51-C58	Y	Y
14890	C518	C51.8 Overlapping lesion of vulva	14850	3	510	Block C51-C58	Y	Y
14900	C519	C51.9 Vulva, unspecified	14850	3	510	Block C51-C58	Y	Y
14930	C530	C53.0 Endocervix	14920	3	510	Block C51-C58	Y	Y
14940	C531	C53.1 Exocervix	14920	3	510	Block C51-C58	Y	Y
14950	C538	C53.8 Overlapping lesion of cervix uteri	14920	3	510	Block C51-C58	Y	Y
14960	C539	C53.9 Cervix uteri, unspecified	14920	3	510	Block C51-C58	Y	Y
14980	C540	C54.0 Isthmus uteri	14970	3	510	Block C51-C58	Y	Y
14990	C541	C54.1 Endometrium	14970	3	510	Block C51-C58	Y	Y
15000	C542	C54.2 Myometrium	14970	3	510	Block C51-C58	Y	Y
15010	C543	C54.3 Fundus uteri	14970	3	510	Block C51-C58	Y	Y
15020	C548	C54.8 Overlapping lesion of corpus uteri	14970	3	510	Block C51-C58	Y	Y
15030	C549	C54.9 Corpus uteri, unspecified	14970	3	510	Block C51-C58	Y	Y
15070	C570	C57.0 Fallopian tube	15060	3	510	Block C51-C58	Y	Y
15080	C571	C57.1 Broad ligament	15060	3	510	Block C51-C58	Y	Y
15090	C572	C57.2 Round ligament	15060	3	510	Block C51-C58	Y	Y
15100	C573	C57.3 Parametrium	15060	3	510	Block C51-C58	Y	Y
15110	C574	C57.4 Uterine adnexa, unspecified	15060	3	510	Block C51-C58	Y	Y
15120	C577	C57.7 Other specified female genital organs	15060	3	510	Block C51-C58	Y	Y
15130	C578	C57.8 Overlapping lesion of female genital organs	15060	3	510	Block C51-C58	Y	Y
15140	C579	C57.9 Female genital organ, unspecified	15060	3	510	Block C51-C58	Y	Y
15170	C600	C60.0 Prepuce	15160	3	520	Block C60-C63	Y	Y
15180	C601	C60.1 Glans penis	15160	3	520	Block C60-C63	Y	Y
15190	C602	C60.2 Body of penis	15160	3	520	Block C60-C63	Y	Y
15200	C608	C60.8 Overlapping lesion of penis	15160	3	520	Block C60-C63	Y	Y
15210	C609	C60.9 Penis, unspecified	15160	3	520	Block C60-C63	Y	Y
15240	C620	C62.0 Undescended testis	15230	3	520	Block C60-C63	Y	Y
15250	C621	C62.1 Descended testis	15230	3	520	Block C60-C63	Y	Y
15260	C629	C62.9 Testis, unspecified	15230	3	520	Block C60-C63	Y	Y
15280	C630	C63.0 Epididymis	15270	3	520	Block C60-C63	Y	Y
15290	C631	C63.1 Spermatic cord	15270	3	520	Block C60-C63	Y	Y
15300	C632	C63.2 Scrotum	15270	3	520	Block C60-C63	Y	Y
15310	C637	C63.7 Other specified male genital organs	15270	3	520	Block C60-C63	Y	Y
15320	C638	C63.8 Overlapping lesion of male genital organs	15270	3	520	Block C60-C63	Y	Y
15330	C639	C63.9 Male genital organ, unspecified	15270	3	520	Block C60-C63	Y	Y
15380	C670	C67.0 Trigone of bladder	15370	3	530	Block C64-C68	Y	Y
15390	C671	C67.1 Dome of bladder	15370	3	530	Block C64-C68	Y	Y
15400	C672	C67.2 Lateral wall of bladder	15370	3	530	Block C64-C68	Y	Y
15410	C673	C67.3 Anterior wall of bladder	15370	3	530	Block C64-C68	Y	Y
15420	C674	C67.4 Posterior wall of bladder	15370	3	530	Block C64-C68	Y	Y
15430	C675	C67.5 Bladder neck	15370	3	530	Block C64-C68	Y	Y
15440	C676	C67.6 Ureteric orifice	15370	3	530	Block C64-C68	Y	Y
15450	C677	C67.7 Urachus	15370	3	530	Block C64-C68	Y	Y
15460	C678	C67.8 Overlapping lesion of bladder	15370	3	530	Block C64-C68	Y	Y
15470	C679	C67.9 Bladder, unspecified	15370	3	530	Block C64-C68	Y	Y
15490	C680	C68.0 Urethra	15480	3	530	Block C64-C68	Y	Y
15500	C681	C68.1 Paraurethral glands	15480	3	530	Block C64-C68	Y	Y
15510	C688	C68.8 Overlapping lesion of urinary organs	15480	3	530	Block C64-C68	Y	Y
15520	C689	C68.9 Urinary organ, unspecified	15480	3	530	Block C64-C68	Y	Y
15540	C690	C69.0 Conjunctiva	15530	3	540	Block C69-C72	Y	Y
15550	C691	C69.1 Cornea	15530	3	540	Block C69-C72	Y	Y
15560	C692	C69.2 Retina	15530	3	540	Block C69-C72	Y	Y
15570	C693	C69.3 Choroid	15530	3	540	Block C69-C72	Y	Y
15580	C694	C69.4 Ciliary body	15530	3	540	Block C69-C72	Y	Y
15590	C695	C69.5 Lachrymal gland and duct	15530	3	540	Block C69-C72	Y	Y
15600	C696	C69.6 Orbit	15530	3	540	Block C69-C72	Y	Y
15610	C698	C69.8 Overlapping lesion of eye and adnexa	15530	3	540	Block C69-C72	Y	Y
15620	C699	C69.9 Eye, unspecified	15530	3	540	Block C69-C72	Y	Y
15640	C700	C70.0 Cerebral meninges	15630	3	540	Block C69-C72	Y	Y
15650	C701	C70.1 Spinal meninges	15630	3	540	Block C69-C72	Y	Y
15660	C709	C70.9 Meninges, unspecified	15630	3	540	Block C69-C72	Y	Y
15680	C710	C71.0 Cerebrum, except lobes and ventricles	15670	3	540	Block C69-C72	Y	Y
15690	C711	C71.1 Frontal lobe	15670	3	540	Block C69-C72	Y	Y
15700	C712	C71.2 Temporal lobe	15670	3	540	Block C69-C72	Y	Y
15710	C713	C71.3 Parietal lobe	15670	3	540	Block C69-C72	Y	Y
15720	C714	C71.4 Occipital lobe	15670	3	540	Block C69-C72	Y	Y
15730	C715	C71.5 Cerebral ventricle	15670	3	540	Block C69-C72	Y	Y
15740	C716	C71.6 Cerebellum	15670	3	540	Block C69-C72	Y	Y
15750	C717	C71.7 Brain stem	15670	3	540	Block C69-C72	Y	Y
15760	C718	C71.8 Overlapping lesion of brain	15670	3	540	Block C69-C72	Y	Y
15770	C719	C71.9 Brain, unspecified	15670	3	540	Block C69-C72	Y	Y
15790	C720	C72.0 Spinal cord	15780	3	540	Block C69-C72	Y	Y
15800	C721	C72.1 Cauda equina	15780	3	540	Block C69-C72	Y	Y
15810	C722	C72.2 Olfactory nerve	15780	3	540	Block C69-C72	Y	Y
15820	C723	C72.3 Optic nerve	15780	3	540	Block C69-C72	Y	Y
15830	C724	C72.4 Acoustic nerve	15780	3	540	Block C69-C72	Y	Y
15840	C725	C72.5 Other and unspecified cranial nerves	15780	3	540	Block C69-C72	Y	Y
15850	C728	C72.8 Overlapping lesion of brain and other parts of central nervous system	15780	3	540	Block C69-C72	Y	Y
15860	C729	C72.9 Central nervous system, unspecified	15780	3	540	Block C69-C72	Y	Y
15890	C740	C74.0 Cortex of adrenal gland	15880	3	550	Block C73-C75	Y	Y
15900	C741	C74.1 Medulla of adrenal gland	15880	3	550	Block C73-C75	Y	Y
15910	C749	C74.9 Adrenal gland, unspecified	15880	3	550	Block C73-C75	Y	Y
15930	C750	C75.0 Parathyroid gland	15920	3	550	Block C73-C75	Y	Y
15940	C751	C75.1 Pituitary gland	15920	3	550	Block C73-C75	Y	Y
15950	C752	C75.2 Craniopharyngeal duct	15920	3	550	Block C73-C75	Y	Y
15960	C753	C75.3 Pineal gland	15920	3	550	Block C73-C75	Y	Y
15970	C754	C75.4 Carotid body	15920	3	550	Block C73-C75	Y	Y
15980	C755	C75.5 Aortic body and other paraganglia	15920	3	550	Block C73-C75	Y	Y
15990	C758	C75.8 Pluriglandular involvement, unspecified	15920	3	550	Block C73-C75	Y	Y
16000	C759	C75.9 Endocrine gland, unspecified	15920	3	550	Block C73-C75	Y	Y
16020	C760	C76.0 Head, face and neck	16010	3	560	Block C76-C80	Y	Y
16030	C761	C76.1 Thorax	16010	3	560	Block C76-C80	Y	Y
16040	C762	C76.2 Abdomen	16010	3	560	Block C76-C80	Y	Y
16050	C763	C76.3 Pelvis	16010	3	560	Block C76-C80	Y	Y
16060	C764	C76.4 Upper limb	16010	3	560	Block C76-C80	Y	Y
16070	C765	C76.5 Lower limb	16010	3	560	Block C76-C80	Y	Y
16080	C767	C76.7 Other ill-defined sites	16010	3	560	Block C76-C80	Y	Y
16090	C768	C76.8 Overlapping lesion of other and ill-defined sites	16010	3	560	Block C76-C80	Y	Y
16110	C770	C77.0 Lymph nodes of head, face and neck	16100	3	560	Block C76-C80	Y	Y
16120	C771	C77.1 Intrathoracic lymph nodes	16100	3	560	Block C76-C80	Y	Y
16130	C772	C77.2 Intra-abdominal lymph nodes	16100	3	560	Block C76-C80	Y	Y
16140	C773	C77.3 Axillary and upper limb lymph nodes	16100	3	560	Block C76-C80	Y	Y
16150	C774	C77.4 Inguinal and lower limb lymph nodes	16100	3	560	Block C76-C80	Y	Y
16160	C775	C77.5 Intrapelvic lymph nodes	16100	3	560	Block C76-C80	Y	Y
16170	C778	C77.8 Lymph nodes of multiple regions	16100	3	560	Block C76-C80	Y	Y
16180	C779	C77.9 Lymph node, unspecified	16100	3	560	Block C76-C80	Y	Y
16200	C780	C78.0 Secondary malignant neoplasm of lung	16190	3	560	Block C76-C80	Y	Y
16210	C781	C78.1 Secondary malignant neoplasm of mediastinum	16190	3	560	Block C76-C80	Y	Y
16220	C782	C78.2 Secondary malignant neoplasm of pleura	16190	3	560	Block C76-C80	Y	Y
16230	C783	C78.3 Secondary malignant neoplasm of other and unspecified respiratory organs	16190	3	560	Block C76-C80	Y	Y
16240	C784	C78.4 Secondary malignant neoplasm of small intestine	16190	3	560	Block C76-C80	Y	Y
16250	C785	C78.5 Secondary malignant neoplasm of large intestine and rectum	16190	3	560	Block C76-C80	Y	Y
16260	C786	C78.6 Secondary malignant neoplasm of retroperitoneum and peritoneum	16190	3	560	Block C76-C80	Y	Y
16270	C787	C78.7 Secondary malignant neoplasm of liver	16190	3	560	Block C76-C80	Y	Y
16280	C788	C78.8 Secondary malignant neoplasm of other and unspecified digestive organs	16190	3	560	Block C76-C80	Y	Y
16300	C790	C79.0 Secondary malignant neoplasm of kidney and renal pelvis	16290	3	560	Block C76-C80	Y	Y
16310	C791	C79.1 Secondary malignant neoplasm of bladder and other and unspecified urinary organs	16290	3	560	Block C76-C80	Y	Y
16320	C792	C79.2 Secondary malignant neoplasm of skin	16290	3	560	Block C76-C80	Y	Y
16330	C793	C79.3 Secondary malignant neoplasm of brain and cerebral meninges	16290	3	560	Block C76-C80	Y	Y
16340	C794	C79.4 Secondary malignant neoplasm of other and unspecified parts of nervous system	16290	3	560	Block C76-C80	Y	Y
16350	C795	C79.5 Secondary malignant neoplasm of bone and bone marrow	16290	3	560	Block C76-C80	Y	Y
16360	C796	C79.6 Secondary malignant neoplasm of ovary	16290	3	560	Block C76-C80	Y	Y
16370	C797	C79.7 Secondary malignant neoplasm of adrenal gland	16290	3	560	Block C76-C80	Y	Y
16380	C798	C79.8 Secondary malignant neoplasm of other specified sites	16290	3	560	Block C76-C80	Y	Y
16390	C799	C79.9 Secondary malignant neoplasm, unspecified site	16290	3	560	Block C76-C80	Y	Y
16410	C800	C80.0 Malignant neoplasm, primary site unknown, so stated	16400	3	560	Block C76-C80	Y	Y
16420	C809	C80.9 Malignant neoplasm, unspecified	16400	3	560	Block C76-C80	Y	Y
16440	C810	C81.0 Lymphocytic predominance	16430	3	570	Block C81-C96	Y	Y
16450	C811	C81.1 Nodular sclerosis	16430	3	570	Block C81-C96	Y	Y
16460	C812	C81.2 Mixed cellularity	16430	3	570	Block C81-C96	Y	Y
16470	C813	C81.3 Lymphocytic depletion	16430	3	570	Block C81-C96	Y	Y
16480	C814	C81.4 Lymphocyte-rich classical Hodgkin lymphoma	16430	3	570	Block C81-C96	Y	Y
16490	C817	C81.7 Other Hodgkin's disease	16430	3	570	Block C81-C96	Y	Y
16500	C819	C81.9 Hodgkin's disease, unspecified	16430	3	570	Block C81-C96	Y	Y
16520	C820	C82.0 Small cleaved cell, follicular	16510	3	570	Block C81-C96	Y	Y
16530	C821	C82.1 Mixed small cleaved and large cell, follicular	16510	3	570	Block C81-C96	Y	Y
16540	C822	C82.2 Large cell, follicular	16510	3	570	Block C81-C96	Y	Y
16550	C823	C82.3 Follicular lymphoma grade IIIa	16510	3	570	Block C81-C96	Y	Y
16560	C824	C82.4 Follicular lymphoma grade IIIb	16510	3	570	Block C81-C96	Y	Y
16570	C825	C82.5 Diffuse follicle centre lymphoma	16510	3	570	Block C81-C96	Y	Y
16580	C826	C82.6 Cutaneous follicle centre lymphoma	16510	3	570	Block C81-C96	Y	Y
16590	C827	C82.7 Other types of follicular non-Hodgkin's lymphoma	16510	3	570	Block C81-C96	Y	Y
16600	C829	C82.9 Follicular non-Hodgkin's lymphoma, unspecified	16510	3	570	Block C81-C96	Y	Y
16620	C830	C83.0 Small cell (diffuse)	16610	3	570	Block C81-C96	Y	Y
16630	C831	C83.1 Small cleaved cell (diffuse)	16610	3	570	Block C81-C96	Y	Y
16640	C832	C83.2 Mixed small and large cell (diffuse)	16610	3	570	Block C81-C96	Y	Y
16650	C833	C83.3 Large cell (diffuse)	16610	3	570	Block C81-C96	Y	Y
16660	C834	C83.4 Immunoblastic (diffuse)	16610	3	570	Block C81-C96	Y	Y
16670	C835	C83.5 Lymphoblastic (diffuse)	16610	3	570	Block C81-C96	Y	Y
16680	C836	C83.6 Undifferentiated (diffuse)	16610	3	570	Block C81-C96	Y	Y
16690	C837	C83.7 Burkitt's tumour	16610	3	570	Block C81-C96	Y	Y
16700	C838	C83.8 Other types of diffuse non-Hodgkin's lymphoma	16610	3	570	Block C81-C96	Y	Y
16710	C839	C83.9 Diffuse non-Hodgkin's lymphoma, unspecified	16610	3	570	Block C81-C96	Y	Y
16730	C840	C84.0 Mycosis fungoides	16720	3	570	Block C81-C96	Y	Y
16740	C841	C84.1 Sezary's diease	16720	3	570	Block C81-C96	Y	Y
16750	C842	C84.2 T-zone lymphoma	16720	3	570	Block C81-C96	Y	Y
16760	C843	C84.3 Lymphoepithelioid lymphoma	16720	3	570	Block C81-C96	Y	Y
16770	C844	C84.4 Peripheral T-cell lymphoma	16720	3	570	Block C81-C96	Y	Y
16780	C845	C84.5 Other and unspecified T-cell lymphomas	16720	3	570	Block C81-C96	Y	Y
16790	C846	C84.6 Anaplastic large cell lymphoma, ALK-positive	16720	3	570	Block C81-C96	Y	Y
16800	C847	C84.7 Anaplastic large cell lymphoma, ALK-negative	16720	3	570	Block C81-C96	Y	Y
16810	C848	C84.8 Cutaneous T-cell lymphoma, unspecified	16720	3	570	Block C81-C96	Y	Y
16820	C849	C84.9 Mature T/NK-cell lymphoma, unspecified	16720	3	570	Block C81-C96	Y	Y
16840	C850	C85.0 Lymphosarcoma	16830	3	570	Block C81-C96	Y	Y
16850	C851	C85.1 B-cell lymphoma, unspecified	16830	3	570	Block C81-C96	Y	Y
16860	C852	C85.2 Mediastinal (thymic) large B-cell lymphoma	16830	3	570	Block C81-C96	Y	Y
16870	C857	C85.7 Other specified types of non-Hodgkin's lymphoma	16830	3	570	Block C81-C96	Y	Y
16880	C859	C85.9 Non-Hodgkin's lymphoma, unspecified type	16830	3	570	Block C81-C96	Y	Y
16900	C860	C86.0 Extranodal NK/T-cell lymphoma, nasal type	16890	3	570	Block C81-C96	Y	Y
16910	C861	C86.1 Hepatosplenic T-cell lymphoma	16890	3	570	Block C81-C96	Y	Y
16920	C862	C86.2 Enteropathy-type (intestinal) T-cell lymphoma	16890	3	570	Block C81-C96	Y	Y
16930	C863	C86.3 Subcutaneous panniculitis-like T-cell lymphoma	16890	3	570	Block C81-C96	Y	Y
16940	C864	C86.4 Blastic NK-cell lymphoma	16890	3	570	Block C81-C96	Y	Y
16950	C865	C86.5 Angioimmunoblastic T-cell lymphoma	16890	3	570	Block C81-C96	Y	Y
16960	C866	C86.6 Primary cutaneous CD30-positive T-cell proliferations	16890	3	570	Block C81-C96	Y	Y
16980	C880	C88.0 Waldenstrom's macroglobulinaemia	16970	3	570	Block C81-C96	Y	Y
16990	C881	C88.1 Alpha heavy chain disease	16970	3	570	Block C81-C96	Y	Y
17000	C882	C88.2 Gamma heavy chain disease	16970	3	570	Block C81-C96	Y	Y
17010	C883	C88.3 Immunoproliferative small intestinal disease	16970	3	570	Block C81-C96	Y	Y
17020	C884	C88.4 Extranodal marginal zone B-cell lymphoma of mucosa-associated lymphoid tissue [MALT-lymphoma]	16970	3	570	Block C81-C96	Y	Y
17030	C887	C88.7 Other malignant immunoproliferative diseases	16970	3	570	Block C81-C96	Y	Y
17040	C889	C88.9 Malignant immunoproliferative disease, unspecified	16970	3	570	Block C81-C96	Y	Y
17060	C900	C90.0 Multiple myeloma	17050	3	570	Block C81-C96	Y	Y
17070	C901	C90.1 Plasma cell leukaemia	17050	3	570	Block C81-C96	Y	Y
17080	C902	C90.2 Plasmacytoma, extramedullary	17050	3	570	Block C81-C96	Y	Y
17090	C903	C90.3 Solitary plasmacytoma	17050	3	570	Block C81-C96	Y	Y
17110	C910	C91.0 Acute lymphoblastic leukaemia	17100	3	570	Block C81-C96	Y	Y
17120	C911	C91.1 Chronic lymphocytic leukaemia	17100	3	570	Block C81-C96	Y	Y
17130	C912	C91.2 Subacute lymphocytic leukaemia	17100	3	570	Block C81-C96	Y	Y
17140	C913	C91.3 Prolymphocytic leukaemia	17100	3	570	Block C81-C96	Y	Y
17150	C914	C91.4 Hairy-cell leukaemia	17100	3	570	Block C81-C96	Y	Y
17160	C915	C91.5 Adult T-cell leukaemia	17100	3	570	Block C81-C96	Y	Y
17170	C916	C91.6 Prolymphocytic leukaemia of T-cell type	17100	3	570	Block C81-C96	Y	Y
17180	C917	C91.7 Other lymphoid leukaemia	17100	3	570	Block C81-C96	Y	Y
17190	C918	C91.8 Mature B-cell leukaemia Burkitt-type	17100	3	570	Block C81-C96	Y	Y
17200	C919	C91.9 Lymphoid leukaemia, unspecified	17100	3	570	Block C81-C96	Y	Y
17220	C920	C92.0 Acute myeloid leukaemia	17210	3	570	Block C81-C96	Y	Y
17230	C921	C92.1 Chronic myeloid leukaemia	17210	3	570	Block C81-C96	Y	Y
17240	C922	C92.2 Subacute myeloid leukaemia	17210	3	570	Block C81-C96	Y	Y
17250	C923	C92.3 Myeloid sarcoma	17210	3	570	Block C81-C96	Y	Y
17260	C924	C92.4 Acute promyelocytic leukaemia	17210	3	570	Block C81-C96	Y	Y
17270	C925	C92.5 Acute myelomonocytic leukaemia	17210	3	570	Block C81-C96	Y	Y
17280	C926	C92.6 Acute myeloid leukaemia with 11q23-abnormality	17210	3	570	Block C81-C96	Y	Y
17290	C927	C92.7 Other myeloid leukaemia	17210	3	570	Block C81-C96	Y	Y
17300	C928	C92.8 Acute myeloid leukaemia with multilineage dysplasia	17210	3	570	Block C81-C96	Y	Y
17310	C929	C92.9 Myeloid leukaemia, unspecified	17210	3	570	Block C81-C96	Y	Y
17330	C930	C93.0 Acute monocytic leukaemia	17320	3	570	Block C81-C96	Y	Y
17340	C931	C93.1 Chronic monocytic leukaemia	17320	3	570	Block C81-C96	Y	Y
17350	C932	C93.2 Subacute monocytic leukaemia	17320	3	570	Block C81-C96	Y	Y
17360	C933	C93.3 Juvenile myelomonocytic leukaemia	17320	3	570	Block C81-C96	Y	Y
17370	C937	C93.7 Other monocytic leukaemia	17320	3	570	Block C81-C96	Y	Y
17380	C939	C93.9 Monocytic leukaemia, unspecified	17320	3	570	Block C81-C96	Y	Y
17400	C940	C94.0 Acute erythraemia and erythroleukaemia	17390	3	570	Block C81-C96	Y	Y
17410	C941	C94.1 Chronic erythraemia	17390	3	570	Block C81-C96	Y	Y
17420	C942	C94.2 Acute megakaryoblastic leukaemia	17390	3	570	Block C81-C96	Y	Y
17430	C943	C94.3 Mast cell leukaemia	17390	3	570	Block C81-C96	Y	Y
17440	C944	C94.4 Acute panmyelosis	17390	3	570	Block C81-C96	Y	Y
17450	C945	C94.5 Acute myelofibrosis	17390	3	570	Block C81-C96	Y	Y
17460	C946	C94.6 Myelodysplastic and myeloproliferative disease, not elsewhere classified	17390	3	570	Block C81-C96	Y	Y
17470	C947	C94.7 Other specified leukaemias	17390	3	570	Block C81-C96	Y	Y
17490	C950	C95.0 Acute leukaemia of unspecified cell type	17480	3	570	Block C81-C96	Y	Y
17500	C951	C95.1 Chronic leukaemia of unspecified cell type	17480	3	570	Block C81-C96	Y	Y
17510	C952	C95.2 Subacute leukaemia of unspecified cell type	17480	3	570	Block C81-C96	Y	Y
17520	C957	C95.7 Other leukaemia of unspecified cell type	17480	3	570	Block C81-C96	Y	Y
17530	C959	C95.9 Leukaemia, unspecified	17480	3	570	Block C81-C96	Y	Y
17550	C960	C96.0 Letterer-Siwe disease	17540	3	570	Block C81-C96	Y	Y
17560	C961	C96.1 Malignant histiocytosis	17540	3	570	Block C81-C96	Y	Y
17570	C962	C96.2 Malignant mast cell tumour	17540	3	570	Block C81-C96	Y	Y
17580	C963	C96.3 True histiocytic lymphoma	17540	3	570	Block C81-C96	Y	Y
17590	C964	C96.4 Sarcoma of dendritic cells (accessory cells)	17540	3	570	Block C81-C96	Y	Y
17600	C965	C96.5 Multifocal and unisystemic Langerhans-cell histiocytosis	17540	3	570	Block C81-C96	Y	Y
17610	C966	C96.6 Unifocal Langerhans-cell histiocytosis	17540	3	570	Block C81-C96	Y	Y
17620	C967	C96.7 Other specified malignant neoplasms of lymphoid, haematopoietic and related tissue	17540	3	570	Block C81-C96	Y	Y
17630	C968	C96.8 Histiocytic sarcoma	17540	3	570	Block C81-C96	Y	Y
17640	C969	C96.9 Malignant neoplasms of lymphoid, haematopoietic and related tissue, unspecified	17540	3	570	Block C81-C96	Y	Y
