node_id	coding	meaning	parent_id	depth	top_branch_id	top_branch_code	selectable	is_target_code	dim_1	dim_2	dim_3	dim_4	dim_5	dim_6	dim_7	dim_8	dim_9	dim_10
191600	G836	G83.6 Upper motor neuron facial paralysis	35030	3	960	Block G80-G83	Y	Y	0.0111607331379	-0.00237909452331	-0.012412398394	-0.03646489927	0.0344580922536	-0.0221839246546	0.0125798359986	-0.028942648462	0.000365393065266	-0.00864957826791
35030	G83	G83 Other paralytic syndromes	960	2	960	Block G80-G83	Y	Y	0.0110289681601	-0.00224335260505	-0.0122837661417	-0.0363482426279	0.0341642006198	-0.021921923953	0.0123723069649	-0.0288649686022	0.000448770422341	-0.00877611893998
191610	G905	G90.5 Complex regional pain syndrome type I	35120	3	970	Block G90-G99	Y	Y	0.0176689330217	0.000154837149554	-0.0403369518986	0.0313317940763	0.000190967964862	-0.0122148784522	0.0219609514644	-0.0180890119135	-0.0218880161161	0.0175162090807
35120	G90	G90 Disorders of autonomic nervous system	970	2	970	Block G90-G99	Y	Y	0.0178474086526	0.000299670436993	-0.0405243214811	0.0312549376626	0.000221127106315	-0.0120986190541	0.0218531069912	-0.018080757339	-0.0217134827098	0.0173931583077
191620	G906	G90.6 Complex regional pain syndrome type II	35120	3	970	Block G90-G99	Y	Y	0.0178554756009	0.000234369463213	-0.040475679069	0.0313350601158	0.000177594272825	-0.0121699944067	0.0218755061211	-0.0180546020964	-0.0217730082326	0.0174315837625
191630	G907	G90.7 Complex regional pain syndrome, other and unspecified type	35120	3	970	Block G90-G99	Y	Y	0.0177742847405	0.00020772688803	-0.0404191463162	0.0313963142941	0.000222849407105	-0.0121206715897	0.0218949824847	-0.0182165635124	-0.0218773726454	0.0175232680459
191640	G943	G94.3 Encephalopathy in diseases classified elsewhere	35390	3	970	Block G90-G99	Y	Y	0.00278618376612	-0.0176957599358	-0.00372775157598	0.0209879171279	0.0150043086517	0.00155894382986	0.0232526204288	-0.0437957779315	-0.0278077055151	0.0230730476131
35390	G94	G94 Other disorders of brain in diseases classified elsewhere	970	2	970	Block G90-G99	Y	Y	0.00294108002332	-0.0178231436011	-0.00365269365152	0.0211099492221	0.0142522248767	0.00146262528148	0.0232161844521	-0.043703315977	-0.0277929489685	0.0226850715175
31760	G00	G00 Bacterial meningitis, not elsewhere classified	870	2	870	Block G00-G09	Y	Y	-0.0377878178085	-0.014459660265	-0.013770283075	0.0140409262613	-0.031862811183	0.00680747202456	-0.0132557853874	0.00999079372619	0.0163095923246	0.0332083509959
31770	G000	G00.0 Haemophilus meningitis	31760	3	870	Block G00-G09	Y	Y	-0.0379826628403	-0.0144787991022	-0.0138344406205	0.01410764565	-0.0319339649564	0.00685394756956	-0.013400713554	0.0100978386534	0.0164580522871	0.0334252175584
31780	G001	G00.1 Pneumococcal meningitis	31760	3	870	Block G00-G09	Y	Y	-0.0378733743056	-0.0142790128774	-0.0137678085776	0.0140095485376	-0.0318175881468	0.00672669101134	-0.0132395647368	0.0101446219805	0.016459928996	0.0334254806425
31790	G002	G00.2 Streptococcal meningitis	31760	3	870	Block G00-G09	Y	Y	-0.0379363688277	-0.0144492719487	-0.0137954345992	0.0140157196094	-0.0318778889044	0.00682223329216	-0.0133853381054	0.010065087907	0.0164725775232	0.0334440415341
31800	G003	G00.3 Staphylococcal meningitis	31760	3	870	Block G00-G09	Y	Y	-0.03799289658	-0.0144135090443	-0.0138580876193	0.0139936205644	-0.031830359938	0.00681607657047	-0.0135013815323	0.010183213543	0.0166068100387	0.0336293505888
31810	G008	G00.8 Other bacterial meningitis	31760	3	870	Block G00-G09	Y	Y	-0.0379176099735	-0.0143807758969	-0.0138210334316	0.0140240022483	-0.0318045375891	0.00677923211636	-0.0133964475291	0.0101169920076	0.0165325859243	0.0335074984433
31820	G009	G00.9 Bacterial meningitis, unspecified	31760	3	870	Block G00-G09	Y	Y	-0.0379647127344	-0.0145309451916	-0.0138362809532	0.0140660841127	-0.0319794922261	0.0068500834665	-0.0133924746902	0.0100445749833	0.0164546229719	0.0333825611148
31830	G01	G01 Meningitis in bacterial diseases classified elsewhere	870	2	870	Block G00-G09	Y	Y	-0.0310829930717	-0.0121747749517	-0.00245121396469	0.00833746755485	-0.0429973918761	0.00518858474449	0.00959997082952	-0.00476372000607	0.0011861158818	0.00712788614053
31840	G02	G02 Meningitis in other infectious and parasitic diseases classified elsewhere	870	2	870	Block G00-G09	Y	Y	-0.0297981500218	-0.00441631040427	-0.00950966279827	-0.00230930870518	-0.053857329556	-0.00165450427951	0.00402865644897	-0.0177352528008	0.0204500934771	0.0175633835165
31850	G020	G02.0 Meningitis in viral diseases classified elsewhere	31840	3	870	Block G00-G09	Y	Y	-0.0299117259842	-0.00434774754295	-0.0093814668469	-0.00234232545905	-0.0542289219103	-0.00130945865888	0.00411170502874	-0.0178989283589	0.0201006360438	0.0177385548508
31860	G021	G02.1 Meningitis in mycoses	31840	3	870	Block G00-G09	Y	Y	-0.0297934234079	-0.00442898567856	-0.00949437090682	-0.00239948868152	-0.0539728417341	-0.00159237720532	0.00408667442013	-0.0178671826034	0.0205525161398	0.0175623012863
31870	G028	G02.8 Meningitis in other specified infectious and parasitic diseases classified elsewhere	31840	3	870	Block G00-G09	Y	Y	-0.0297089255691	-0.00453985956212	-0.00918987516585	-0.00253255771156	-0.0538916027668	-0.0010908758553	0.00426181431866	-0.0179975286835	0.0203912277566	0.017339026477
31880	G03	G03 Meningitis due to other and unspecified causes	870	2	870	Block G00-G09	Y	Y	-0.0447369230772	-0.0147283266453	0.00944933748997	-0.00342412368739	-0.0400015236698	0.0125392728455	0.0102763121977	-0.00848790610097	0.00789462403832	0.0201025039995
31890	G030	G03.0 Nonpyogenic meningitis	31880	3	870	Block G00-G09	Y	Y	-0.0447602105548	-0.0147169892677	0.00915294204111	-0.00331862557512	-0.0401365509161	0.0123470887491	0.01029630672	-0.00852050398777	0.00803134750856	0.0201659793854
31900	G031	G03.1 Chronic meningitis	31880	3	870	Block G00-G09	Y	Y	-0.0449706590245	-0.0150428488913	0.00942276816432	-0.00343000659976	-0.0402426188408	0.0125625331766	0.0102860644731	-0.0086959736959	0.00775459421662	0.0201681391757
31910	G032	G03.2 Benign recurrent meningitis [Mollaret]	31880	3	870	Block G00-G09	Y	Y	-0.044924642564	-0.0149520955145	0.00888960145186	-0.00322291037305	-0.0404902763359	0.0122531467236	0.0102755042536	-0.00866260430914	0.0080322718803	0.0201769745655
31920	G038	G03.8 Meningitis due to other specified causes	31880	3	870	Block G00-G09	Y	Y	-0.0447554738392	-0.014758111265	0.00914337289874	-0.00330304450279	-0.0402107996375	0.0123736666751	0.0102802735944	-0.00852308883542	0.00802696475071	0.0201392303095
31930	G039	G03.9 Meningitis, unspecified	31880	3	870	Block G00-G09	Y	Y	-0.0448535139459	-0.0147921864829	0.00942956996247	-0.003436200789	-0.0401189786382	0.0125483728805	0.0102977908042	-0.0085204009343	0.00791942749755	0.0201575895919
31940	G04	G04 Encephalitis, myelitis and encephalomyelitis	870	2	870	Block G00-G09	Y	Y	-0.0321529938194	-0.000937224719102	-0.0300763414086	0.0147940732774	-0.0444387829906	-0.00562154521876	0.00121166143128	-0.00166156171055	0.0264429474904	0.0134190157105
31950	G040	G04.0 Acute disseminated encephalitis	31940	3	870	Block G00-G09	Y	Y	-0.0321673062215	-0.00100876941339	-0.0299597303475	0.0147283809383	-0.0444589520618	-0.00554887276827	0.00125481486101	-0.0016804088758	0.02632330773	0.013499500548
31960	G041	G04.1 Tropical spastic paraplegia	31940	3	870	Block G00-G09	Y	Y	-0.0321753802213	-0.000948692155463	-0.0300469474762	0.0147275963017	-0.0443946036662	-0.00567322822524	0.00132240138576	-0.00181577302499	0.0263978692873	0.0135894223092
31970	G042	G04.2 Bacterial meningoencephalitis and meningomyelitis, not elsewhere classified	31940	3	870	Block G00-G09	Y	Y	-0.032332106534	-0.00110240768503	-0.0302954794176	0.0149495471918	-0.0449590004662	-0.00570632609188	0.00119714225449	-0.0013436765585	0.026359612817	0.0133793952966
31980	G048	G04.8 Other encephalitis, myelitis and encephalomyelitis	31940	3	870	Block G00-G09	Y	Y	-0.032177458279	-0.000960851747828	-0.0300636796624	0.0147374787459	-0.0444366761859	-0.00567070085074	0.00131237107443	-0.00175231396667	0.0263828733837	0.0135763968778
31990	G049	G04.9 Encephalitis, myelitis and encephalomyelitis, unspecified	31940	3	870	Block G00-G09	Y	Y	-0.0321734090968	-0.000955554974432	-0.0300162117731	0.0147171546778	-0.044368756605	-0.00567546656572	0.00134084676532	-0.00185631943517	0.0263971240499	0.0136221718064
32000	G05	G05 Encephalitis, myelitis and encephalomyelitis in diseases classified elsewhere	870	2	870	Block G00-G09	Y	Y	-0.039247808982	-0.0220174665354	-0.00943975462236	0.00357226902314	-0.0327645945373	0.00830573027079	0.0110494362523	-0.00918394480097	0.0311526433439	0.0169692965977
32010	G050	G05.0 Encephalitis, myelitis and encephalomyelitis in bacterial diseases classified elsewhere	32000	3	870	Block G00-G09	Y	Y	-0.0392979335721	-0.0219543571458	-0.00947533239232	0.00357706940927	-0.0328566846115	0.0082582393815	0.0110826577213	-0.00925675210247	0.03100765441	0.0170593983843
32020	G051	G05.1 Encephalitis, myelitis and encephalomyelitis in viral diseases classified elsewhere	32000	3	870	Block G00-G09	Y	Y	-0.0394655552221	-0.0221170373342	-0.00967721951192	0.0036399557682	-0.0327261849947	0.00835177368369	0.0111427631005	-0.00927905201715	0.0312873956724	0.0170876451843
32030	G052	G05.2 Encephalitis, myelitis and encephalomyelitis in other infectious and parasitic diseases classified elsewhere	32000	3	870	Block G00-G09	Y	Y	-0.0392611437176	-0.0220454221012	-0.00948300493026	0.00350222000711	-0.0326457836088	0.00829854153038	0.011084546432	-0.00928330519227	0.0311657433621	0.017066942019
32040	G058	G05.8 Encephalitis, myelitis and encephalomyelitis in other diseases classified elsewhere	32000	3	870	Block G00-G09	Y	Y	-0.0393075592559	-0.0220220055696	-0.00947618895051	0.00364477438189	-0.0327144250345	0.00831636033699	0.0110834465279	-0.00920895854413	0.0312372959639	0.0170186820793
32050	G06	G06 Intracranial and intraspinal abscess and granuloma	870	2	870	Block G00-G09	Y	Y	-0.0435120514096	-0.00891881835467	-0.0040016685522	0.0138042421821	-0.04267304658	0.00050836233151	-0.00114255241768	0.000835194371794	0.0163283092218	0.0209409560371
32060	G060	G06.0 Intracranial abscess and granuloma	32050	3	870	Block G00-G09	Y	Y	-0.0436347516915	-0.00893667749394	-0.00400497432959	0.013843312558	-0.0427748533424	0.000506298506336	-0.00115675074017	0.000840031970825	0.0163885942804	0.020981476822
32070	G061	G06.1 Intraspinal abscess and granuloma	32050	3	870	Block G00-G09	Y	Y	-0.0437868831555	-0.00892399176409	-0.00403177662702	0.0139633047978	-0.042871393129	0.000494918160181	-0.00120044485131	0.000822855333587	0.016476517185	0.0210108234133
32080	G062	G06.2 Extradural and subdural abscess, unspecified	32050	3	870	Block G00-G09	Y	Y	-0.0435996523214	-0.00896717061235	-0.00404458889161	0.0138990096212	-0.0426993017584	0.000462364628657	-0.00127301545737	0.00090472139856	0.0163990354711	0.0209958399363
32090	G07	G07 Intracranial and intraspinal abscess and granuloma in diseases classified elsewhere	870	2	870	Block G00-G09	Y	Y	-0.0291160933822	-0.011041759893	-0.00322453653507	0.0087106169948	-0.0436682486555	0.00739976162307	0.0121456009135	-0.00332194084428	-0.00491659534571	0.00273442540933
32100	G08	G08 Intracranial and intraspinal phlebitis and thrombophlebitis	870	2	870	Block G00-G09	Y	Y	-0.0329269794451	-0.010689234445	-0.00588918915129	0.00717095747165	-0.0395902186094	0.00412023863077	0.00528444062697	-0.00417096064778	0.0105348836318	0.0134773643029
32110	G09	G09 Sequelae of inflammatory diseases of central nervous system	870	2	870	Block G00-G09	Y	Y	-0.0326217932098	-0.0105756197328	-0.00579186989022	0.00700651247652	-0.0392760634039	0.00404735918766	0.00543919113568	-0.00429906302333	0.0104754945909	0.0131827788441
32120	G10	G10 Huntington's disease	880	2	880	Block G10-G14	Y	Y	0.0158602054053	-0.0241666781985	0.00515597674447	-0.00343074037944	-0.00980214458994	-0.0104311502259	0.000215179146894	0.014125093257	0.00155930536301	0.00706958565483
32130	G11	G11 Hereditary ataxia	880	2	880	Block G10-G14	Y	Y	0.0399334997345	-0.0283115064895	0.00911658760765	-0.0088857990056	-0.0235290954383	-0.0322932538374	-0.00504472203105	0.0140426248125	0.00760366621252	0.0146425233915
32140	G110	G11.0 Congenital nonprogressive ataxia	32130	3	880	Block G10-G14	Y	Y	0.039713264413	-0.0281597891206	0.00898951730615	-0.00876836367864	-0.0232867634672	-0.0321098268282	-0.00504834646023	0.0140227454412	0.00752520799369	0.0146673153247
32150	G111	G11.1 Early-onset cerebellar ataxia	32130	3	880	Block G10-G14	Y	Y	0.0396681177463	-0.0281145571721	0.00897624637031	-0.00873956392996	-0.0232685561892	-0.0320799835068	-0.00506646222685	0.014043043445	0.00751699816724	0.0146481296867
32160	G112	G11.2 Late-onset cerebellar ataxia	32130	3	880	Block G10-G14	Y	Y	0.0400331480589	-0.0282408245665	0.00912009160488	-0.00889968373217	-0.0235788357202	-0.0324168940972	-0.0051136487189	0.0140615592346	0.00756829736022	0.0146681518376
32170	G113	G11.3 Cerebellar ataxia with defective DNA repair	32130	3	880	Block G10-G14	Y	Y	0.0399152478166	-0.02806318836	0.00899042230765	-0.00875737683978	-0.0234121454337	-0.032435125921	-0.00523622743593	0.0141966608455	0.00760633673436	0.0148813868297
32180	G114	G11.4 Hereditary spastic paraplegia	32130	3	880	Block G10-G14	Y	Y	0.0399689419414	-0.028160095601	0.00900331752732	-0.00881722157582	-0.0234560980629	-0.0323331205292	-0.00526640698437	0.0140985593622	0.00754997607381	0.0147598818691
32190	G118	G11.8 Other hereditary ataxias	32130	3	880	Block G10-G14	Y	Y	0.0400024780785	-0.0282044198273	0.00904779816836	-0.00883174029078	-0.0234921042254	-0.0323545499396	-0.00521545538197	0.0140954532065	0.00752869048168	0.0147305514129
32200	G119	G11.9 Hereditary ataxia, unspecified	32130	3	880	Block G10-G14	Y	Y	0.0399317425254	-0.0281017667641	0.00894276390928	-0.00874678657389	-0.0233923718971	-0.0322966170286	-0.00532701788046	0.014121392223	0.00751654324882	0.0148144985516
32210	G12	G12 Spinal muscular atrophy and related syndromes	880	2	880	Block G10-G14	Y	Y	0.0309647434096	-0.0347224074586	0.0101129669747	0.00365349118508	-0.0060882969323	-0.00283777202054	-0.00126878163288	0.0401914529425	0.0163377614494	0.0204590588483
32220	G120	G12.0 Infantile spinal muscular atrophy, type I [Werdnig-Hoffman]	32210	3	880	Block G10-G14	Y	Y	0.0310711837994	-0.0347225754677	0.0101259241336	0.00354579731049	-0.0060240296927	-0.0028317925078	-0.0011601033964	0.0403254640738	0.0165161080567	0.0206541441124
32230	G121	G12.1 Other inherited spinal muscular atrophy	32210	3	880	Block G10-G14	Y	Y	0.0310706031364	-0.0348278506794	0.0101953914318	0.00369996967465	-0.00608519364089	-0.00277443543973	-0.00132736906287	0.0403862838915	0.0163718712372	0.0205120440658
32240	G122	G12.2 Motor neuron disease	32210	3	880	Block G10-G14	Y	Y	0.0309836558539	-0.0345832785984	0.0100768902167	0.00344627284407	-0.00597118373191	-0.00287075004186	-0.00117594523168	0.0402754430582	0.0165866740253	0.0206521363654
32250	G128	G12.8 Other spinal muscular atrophies and related syndromes	32210	3	880	Block G10-G14	Y	Y	0.031088369207	-0.0347995943007	0.0101390827135	0.00365333806763	-0.00606830974428	-0.00283680490864	-0.00122379207622	0.0403426012786	0.0164437626277	0.0205846904333
32260	G129	G12.9 Spinal muscular atrophy, unspecified	32210	3	880	Block G10-G14	Y	Y	0.0313917904253	-0.0350048762832	0.010214472217	0.0033528262828	-0.00596842185589	-0.00300218922132	-0.00093717147102	0.0402411104045	0.0165383535406	0.0209592726943
32270	G13	G13 Systemic atrophies primarily affecting central nervous system in diseases classified elsewhere	880	2	880	Block G10-G14	Y	Y	0.0238727897776	-0.0420085659731	0.0255992062722	-0.0166370431227	-0.00740179426643	-0.0206008782388	0.00761398026733	0.0227009987867	0.00641154643809	0.0150443780953
32280	G130	G13.0 Paraneoplastic neuromyopathy and neuropathy	32270	3	880	Block G10-G14	Y	Y	0.0239794805759	-0.0422111352961	0.0258453110246	-0.0168413958468	-0.00732870795851	-0.0207010358974	0.00769366683368	0.0227973084157	0.00649558888165	0.0151175066176
32290	G131	G13.1 Other systemic atrophy primarily affecting central nervous system in neoplastic disease	32270	3	880	Block G10-G14	Y	Y	0.0239882709739	-0.0422074641353	0.0259208448926	-0.016953920618	-0.00723978053841	-0.0207563692536	0.00775278430992	0.0228168108265	0.00654217892141	0.0151947755452
32300	G132	G13.2 Systemic atrophy primarily affecting central nervous system in myxoedema	32270	3	880	Block G10-G14	Y	Y	0.0239503540322	-0.0421677507603	0.0257525933936	-0.0167297437426	-0.00739964306978	-0.0206826025969	0.00768377095768	0.0227450753411	0.00646195050782	0.0151172096856
32310	G138	G13.8 Systemic atrophy primarily affecting central nervous system in other diseases classified elsewhere	32270	3	880	Block G10-G14	Y	Y	0.0239362876526	-0.0421822497098	0.0257770215144	-0.0167528085373	-0.00744920995493	-0.020670907896	0.00764464115427	0.022816704832	0.00647198187807	0.0151416857815
32320	G14	G14 Postpolio syndrome	880	2	880	Block G10-G14	Y	Y	0.016005042945	-0.0240694638211	0.00514499961561	-0.00358050185175	-0.00994103599572	-0.0107023460362	0.000153055319608	0.013982243686	0.0015556783367	0.00710884445841
32330	G20	G20 Parkinson's disease	890	2	890	Block G20-G26	Y	Y	0.00601692820192	0.00180901861069	-0.000288437638926	-0.03843197715	0.00747175499163	0.0105533876881	-0.0352400422894	-0.00708771296407	0.00963969912868	0.011486160272
32340	G21	G21 Secondary Parkinsonism	890	2	890	Block G20-G26	Y	Y	-0.0163857546886	-0.00838360477203	0.00522572048324	-0.043248265376	0.0228799931864	0.00230177586167	-0.0400981366452	-0.00809926401063	0.00932880018984	0.0112367687336
32350	G210	G21.0 Malignant neuroleptic syndrome	32340	3	890	Block G20-G26	Y	Y	-0.0165016715913	-0.00843979880061	0.0052121434353	-0.0434298618193	0.022969067764	0.00230844012174	-0.040363202954	-0.00816708517169	0.00933046795615	0.0113855222513
32360	G211	G21.1 Other drug-induced secondary Parkinsonism	32340	3	890	Block G20-G26	Y	Y	-0.0165063116458	-0.00842317242354	0.00524034368857	-0.0433672551713	0.0229702946938	0.00230341483005	-0.0402072653668	-0.00810487735729	0.00939516170743	0.0112803157259
32370	G212	G21.2 Secondary Parkinsonism due to other external agents	32340	3	890	Block G20-G26	Y	Y	-0.0166190175215	-0.00848503527566	0.00523163576438	-0.0433767497089	0.0231026330206	0.00220068351187	-0.0402811327501	-0.00815903917712	0.009272567726	0.0113479343537
32380	G213	G21.3 Postencephalitic Parkinsonism	32340	3	890	Block G20-G26	Y	Y	-0.0164096436762	-0.00841920658627	0.00522112387266	-0.0433694599131	0.0229277439329	0.0022515231257	-0.0402677406607	-0.0081710387098	0.00929030692337	0.0113901561843
32390	G214	G21.4 Vascular parkinsonism	32340	3	890	Block G20-G26	Y	Y	-0.0164926236754	-0.00843623828864	0.00519991265413	-0.0431732863801	0.0229821012539	0.00221394041774	-0.0401196825783	-0.00815231445566	0.00924945762946	0.0113372094115
32400	G218	G21.8 Other secondary Parkinsonism	32340	3	890	Block G20-G26	Y	Y	-0.0163730621483	-0.00838767558516	0.00524034596894	-0.0433069809049	0.0228902573604	0.00232835198048	-0.0401676067402	-0.00811048558469	0.00935740560163	0.0112655165363
32410	G219	G21.9 Secondary Parkinsonism, unspecified	32340	3	890	Block G20-G26	Y	Y	-0.0163701621795	-0.00838163380047	0.00519508147001	-0.0432990285227	0.0229120470903	0.00224935309999	-0.0402000071716	-0.00817164311504	0.00925928339512	0.0114018889332
32420	G22	G22 Parkinsonism in diseases classified elsewhere	890	2	890	Block G20-G26	Y	Y	0.00615003517371	0.00182153784645	-0.000212875988484	-0.0378554259704	0.0072360193038	0.0105549186337	-0.0346650232012	-0.00711155195058	0.00957635256776	0.0113762345585
32430	G23	G23 Other degenerative diseases of basal ganglia	890	2	890	Block G20-G26	Y	Y	0.0153673723191	0.00192941605953	0.00306521014456	-0.0431991920083	0.0037387361327	0.016817484721	-0.039665160701	-0.0128136485229	0.0109846309763	0.0194450153742
32440	G230	G23.0 Hallervorden-Spatz disease	32430	3	890	Block G20-G26	Y	Y	0.0154216271873	0.00195701693071	0.00313302675889	-0.0429733678587	0.00367834438714	0.0167443896044	-0.0395779194302	-0.0127142303571	0.0109720935628	0.0193886362215
32450	G231	G23.1 Progressive supranuclear ophthalmoplegia [Steele-Richardson-Olszewski]	32430	3	890	Block G20-G26	Y	Y	0.0153691458141	0.00192425439131	0.00306173359706	-0.0431018986481	0.00375301379945	0.0167209101305	-0.039690306598	-0.0127516741483	0.0110264968123	0.0194747477399
32460	G232	G23.2 Striatonigral degeneration	32430	3	890	Block G20-G26	Y	Y	0.0154146391857	0.00188894327182	0.00305975711922	-0.0432074876792	0.00372266537719	0.0167848751888	-0.0397013455168	-0.0128165189744	0.0110673579814	0.0195422614897
32470	G233	G23.3 Multiple system atrophy, cerebellar type	32430	3	890	Block G20-G26	Y	Y	0.0155039071428	0.00194431990729	0.00313667037561	-0.0430859686164	0.00361848708803	0.0168404058219	-0.0395297265989	-0.0128213706344	0.0110273634917	0.0194440810853
32480	G238	G23.8 Other specified degenerative diseases of basal ganglia	32430	3	890	Block G20-G26	Y	Y	0.015597678954	0.00195075640611	0.00317313556905	-0.0430712127799	0.00353515985326	0.0168805759595	-0.0395167123962	-0.0128628334428	0.0110505166486	0.0195061477278
32490	G239	G23.9 Degenerative disease of basal ganglia, unspecified	32430	3	890	Block G20-G26	Y	Y	0.0152687563075	0.00191234202684	0.0030064556705	-0.0435830104022	0.00397422922504	0.0168438940586	-0.0400912938988	-0.0128734432284	0.0110445384342	0.019606420601
32500	G24	G24 Dystonia	890	2	890	Block G20-G26	Y	Y	0.0237853351703	0.00508735905262	-0.0129503077981	-0.0517019449219	-0.0109341557579	0.0182188686522	-0.00749364200401	-0.0117303193522	0.02492923516	0.000936341682508
32510	G240	G24.0 Drug-induced dystonia	32500	3	890	Block G20-G26	Y	Y	0.0237963375119	0.00503113279439	-0.0129791371947	-0.0518379978631	-0.010995841878	0.0183240264337	-0.00765302698499	-0.0117589686593	0.0249450103498	0.00102602266676
32520	G241	G24.1 Idiopathic familial dystonia	32500	3	890	Block G20-G26	Y	Y	0.0237941919727	0.00510501571808	-0.0129462392209	-0.0517557790105	-0.0108943996356	0.0182159193688	-0.00754380742059	-0.0117669483936	0.0249861883822	0.00103231975312
32530	G242	G24.2 Idiopathic nonfamilial dystonia	32500	3	890	Block G20-G26	Y	Y	0.0238128823625	0.00508978951148	-0.0129307654761	-0.051841869251	-0.0109024197618	0.0182455245264	-0.00764961563656	-0.0117613225532	0.0249750922046	0.00104473364788
32540	G243	G24.3 Spasmodic torticollis	32500	3	890	Block G20-G26	Y	Y	0.0238971256139	0.00504930106231	-0.0130514716665	-0.0519699903511	-0.0110944832977	0.0184071500115	-0.00759599288055	-0.0117718185404	0.0250014770942	0.000967633332316
32550	G244	G24.4 Idiopathic orofacial dystonia	32500	3	890	Block G20-G26	Y	Y	0.023849361138	0.00514489633139	-0.0129628402556	-0.0517987703796	-0.010896843836	0.0181827225881	-0.00741767834459	-0.0117274029687	0.0251212734053	0.000978248084376
32560	G245	G24.5 Blepharospasm	32500	3	890	Block G20-G26	Y	Y	0.0238209932318	0.00501100193803	-0.0130328159568	-0.0519064884731	-0.0110418334775	0.0183848843831	-0.0076636402699	-0.011767427512	0.0249466181755	0.00103520972236
32570	G248	G24.8 Other dystonia	32500	3	890	Block G20-G26	Y	Y	0.0238734630598	0.00510322484766	-0.0129821925302	-0.0518899952438	-0.0109488844337	0.0182845620161	-0.00759249000125	-0.0117758912071	0.0250258819869	0.00102325172751
32580	G249	G24.9 Dystonia, unspecified	32500	3	890	Block G20-G26	Y	Y	0.0238596649261	0.00510832583157	-0.0130026037967	-0.051833588293	-0.0109692962683	0.0182780157954	-0.00746519567237	-0.011760311174	0.0249818920538	0.000931494698182
32590	G25	G25 Other extrapyramidal and movement disorders	890	2	890	Block G20-G26	Y	Y	0.00487240824535	0.0128971948848	0.00110146303047	-0.0270725355088	0.00906461737461	0.00957585209313	-0.0541867961729	0.00395245140529	-0.00817706502365	0.0246047919843
32600	G250	G25.0 Essential tremor	32590	3	890	Block G20-G26	Y	Y	0.004958726886	0.0129205145481	0.00106112021018	-0.0270231623694	0.00905465445026	0.00964998646917	-0.0542935338391	0.00392296511433	-0.0082096284774	0.0246073309656
32610	G251	G25.1 Drug-induced tremor	32590	3	890	Block G20-G26	Y	Y	0.00486060641593	0.0128769861154	0.00109888094797	-0.0271745923801	0.00906302279445	0.00958986491996	-0.0541833139555	0.0039163394008	-0.00811819067553	0.0245782825136
32620	G252	G25.2 Other specified forms of tremor	32590	3	890	Block G20-G26	Y	Y	0.0048669278358	0.0129798299632	0.00112206977021	-0.0270956563962	0.00912533984123	0.00957312656793	-0.054393533181	0.00404165319556	-0.00828541834276	0.0247443485689
32630	G253	G25.3 Myoclonus	32590	3	890	Block G20-G26	Y	Y	0.00485977469054	0.0129941799862	0.00110794007408	-0.0270237901857	0.00912720136196	0.0095676957207	-0.0543095165109	0.00405340508458	-0.00831607731034	0.0246872539984
32640	G254	G25.4 Drug-induced chorea	32590	3	890	Block G20-G26	Y	Y	0.00488033553863	0.0129458581942	0.00110687033636	-0.0271345413703	0.00905787989042	0.00961988493898	-0.0543882274303	0.00395631685872	-0.00823087833734	0.0246691671606
32650	G255	G25.5 Other chorea	32590	3	890	Block G20-G26	Y	Y	0.0048914665724	0.0129597043661	0.00109446008608	-0.0271209384482	0.00908306481448	0.00961695501171	-0.0543351750988	0.00395846360857	-0.00825077497578	0.0246722406955
32660	G256	G25.6 Drug-induced tics and other tics of organic origin	32590	3	890	Block G20-G26	Y	Y	0.0048841430593	0.012991648951	0.00112489665814	-0.0269668459386	0.00903904791437	0.0095828762584	-0.0542812232131	0.00402018884489	-0.00835298172471	0.0246669039938
32670	G258	G25.8 Other specified extrapyramidal and movement disorders	32590	3	890	Block G20-G26	Y	Y	0.00501636538321	0.0129465281303	0.00104959136091	-0.0270215798651	0.00906869665812	0.00971500517084	-0.0544572894109	0.00392379853044	-0.00821723339092	0.0246873746552
32680	G259	G25.9 Extrapyramidal and movement disorder, unspecified	32590	3	890	Block G20-G26	Y	Y	0.00491321518552	0.0127498097155	0.00111856130854	-0.0270170376506	0.00897939295425	0.00955395061936	-0.0540551383076	0.00392986482078	-0.00822905534474	0.024358611534
32690	G26	G26 Extrapyramidal and movement disorders in diseases classified elsewhere	890	2	890	Block G20-G26	Y	Y	0.0058678385172	0.00176347196792	-0.000277047948427	-0.0380956385187	0.00751476770115	0.0103969075318	-0.0349152598544	-0.00702705416871	0.00955300496439	0.0113487145021
32700	G30	G30 Alzheimer's disease	900	2	900	Block G30-G32	Y	Y	0.0132216815834	-0.0107404659492	0.0341289083395	0.0301517122717	-0.0352187933991	0.0115598161756	0.0197825833863	0.0135181470077	-0.0156483768731	0.0126611786932
32710	G300	G30.0 Alzheimer's disease with early onset	32700	3	900	Block G30-G32	Y	Y	0.0132444851575	-0.0106931465581	0.0340858413263	0.0300998818437	-0.0351706911952	0.0114985765356	0.0197329855143	0.0135345199747	-0.0156023522898	0.0125730413934
32720	G301	G30.1 Alzheimer's disease with late onset	32700	3	900	Block G30-G32	Y	Y	0.0132660966636	-0.0107732539905	0.0343007950176	0.0302523682726	-0.0353528376109	0.0116117097721	0.0198380173836	0.013596494202	-0.0157046175312	0.0127363188579
32730	G308	G30.8 Other Alzheimer's disease	32700	3	900	Block G30-G32	Y	Y	0.0132461960177	-0.0107050152846	0.0339355356118	0.0300199309455	-0.0351183460647	0.0114722790751	0.0197395416483	0.0134564585104	-0.0154936299294	0.0124948039256
32740	G309	G30.9 Alzheimer's disease, unspecified	32700	3	900	Block G30-G32	Y	Y	0.0132640785278	-0.0106031679372	0.0340805667118	0.0300673790459	-0.0351541210337	0.0113429447453	0.0197544506977	0.0135680268429	-0.0155644450937	0.0125338235509
32750	G31	G31 Other degenerative diseases of nervous system, not elsewhere classified	900	2	900	Block G30-G32	Y	Y	-0.0123413586327	-0.0285383253342	-0.0036311359429	0.0223546047757	-0.0130382134289	-0.0422377779289	0.0295103941143	-0.00782962516971	0.00593073772188	-0.0160407524046
32760	G310	G31.0 Circumscribed brain atrophy	32750	3	900	Block G30-G32	Y	Y	-0.0121858721721	-0.0284711057697	-0.00351884613888	0.0224351580195	-0.0131105915343	-0.0420775369942	0.0294851261737	-0.00773182102867	0.00594323324919	-0.0160217262477
32770	G311	G31.1 Senile degeneration of brain, not elsewhere classified	32750	3	900	Block G30-G32	Y	Y	-0.0121902610207	-0.0285326089904	-0.00350734522788	0.0224527842611	-0.0131703899869	-0.0421181846305	0.0295271123054	-0.00773801031103	0.00593401239677	-0.0160144899071
32780	G312	G31.2 Degeneration of nervous system due to alcohol	32750	3	900	Block G30-G32	Y	Y	-0.0121293096772	-0.0286102400238	-0.00349822467959	0.0225169587141	-0.0132139162215	-0.0420960895833	0.0295317586765	-0.0077468344804	0.00592462598615	-0.0160549129487
32790	G318	G31.8 Other specified degenerative diseases of nervous system	32750	3	900	Block G30-G32	Y	Y	-0.0121656346673	-0.0284884265124	-0.00350719202294	0.0224757722191	-0.013110792186	-0.0420901003738	0.0295130674466	-0.00772886222404	0.00592501499354	-0.0160239697153
32800	G319	G31.9 Degenerative disease of nervous system, unspecified	32750	3	900	Block G30-G32	Y	Y	-0.0123225296818	-0.0283466801266	-0.00358021242577	0.0223913091994	-0.0128146127556	-0.0423399793527	0.0295806394019	-0.00774220396863	0.0059137694441	-0.0160690576887
32810	G32	G32 Other degenerative disorders of nervous system in diseases classified elsewhere	900	2	900	Block G30-G32	Y	Y	0.0312813667782	-0.00320802738754	0.00931457576957	0.0293519405165	-0.0429250060591	0.00159508886186	0.0327664596324	0.00623282674677	0.00518164735088	-0.00137955316907
32820	G320	G32.0 Subacute combined degeneration of spinal cord in diseases classified elsewhere	32810	3	900	Block G30-G32	Y	Y	0.0314593306534	-0.00326126527365	0.00942314665637	0.0290896509743	-0.0429053419256	0.00162571146458	0.0327259354611	0.00605769767314	0.0050902107889	-0.0014479920613
32830	G328	G32.8 Other specified degenerative disorders of nervous system in diseases classified elsewhere	32810	3	900	Block G30-G32	Y	Y	0.0314989963759	-0.00328422348383	0.00953058163741	0.0290213836844	-0.0429006368885	0.00162297087584	0.0327549838498	0.00597826189658	0.00498045522292	-0.00151487207204
32840	G35	G35 Multiple sclerosis	910	2	910	Block G35-G37	Y	Y	-0.00232159328733	0.00596660007696	-0.00917637188953	-0.00641660469268	-0.000917098655767	0.0124433067602	0.0124503643906	0.00508540523823	-0.0116521975537	-0.0191915708628
32850	G36	G36 Other acute disseminated demyelination	910	2	910	Block G35-G37	Y	Y	0.010244219547	0.015362534094	-0.043735942972	-0.00633112652507	-0.00290169104802	0.0402852508553	0.0154710838696	0.0197022247415	-0.00144110115795	-0.00920090488555
32860	G360	G36.0 Neuromyelitis optica [Devic]	32850	3	910	Block G35-G37	Y	Y	0.0103667961337	0.0154738657353	-0.0441664560455	-0.00647518784185	-0.00302014491582	0.0406180589264	0.0154384170193	0.0198139679903	-0.00130235980059	-0.00910816361596
32870	G361	G36.1 Acute and subacute haemorrhagic leukoencephalitis [Hurst]	32850	3	910	Block G35-G37	Y	Y	0.0103298686866	0.0154313868941	-0.0440295393543	-0.0064246024554	-0.00300891004138	0.0404907920396	0.0153846470586	0.0197671258851	-0.00127603392218	-0.00905960514419
32880	G368	G36.8 Other specified acute disseminated demyelination	32850	3	910	Block G35-G37	Y	Y	0.0103142677651	0.0154209553121	-0.0439577862995	-0.00640810867996	-0.00298837474645	0.0403927601096	0.0153694150271	0.0197635441985	-0.00130524801947	-0.00904065743017
32890	G369	G36.9 Acute disseminated demyelination, unspecified	32850	3	910	Block G35-G37	Y	Y	0.0103125563471	0.0154418551564	-0.0439955724384	-0.00656920201807	-0.0030142056648	0.040488282475	0.0153758417112	0.0197615950548	-0.00130254914261	-0.0090996139228
32900	G37	G37 Other demyelinating diseases of central nervous system	910	2	910	Block G35-G37	Y	Y	0.00447409878091	-0.00136126976224	0.00454315523174	-0.0125807519492	0.0206621938254	0.0279202048369	0.0257230430914	0.0459569591831	-0.0145636655681	-0.0147148322434
32910	G370	G37.0 Diffuse sclerosis	32900	3	910	Block G35-G37	Y	Y	0.00444350261614	-0.00130352132762	0.00471959590367	-0.0125827924075	0.0208450729933	0.0279593638258	0.0256959612026	0.0461561572485	-0.014644754012	-0.0147843303067
32920	G371	G37.1 Central demyelination of corpus callosum	32900	3	910	Block G35-G37	Y	Y	0.0044897348136	-0.00140057532326	0.00464167538957	-0.0126169339703	0.0208116613403	0.0279310883591	0.0257719703524	0.0461360695793	-0.0146248157693	-0.014790785124
32930	G372	G37.2 Central pontine myelinolysis	32900	3	910	Block G35-G37	Y	Y	0.00445757734072	-0.00136771781385	0.00474712291789	-0.0126302890748	0.0209483564599	0.027944120903	0.0257030714149	0.0462046504521	-0.0146844158678	-0.0148673616448
32940	G373	G37.3 Acute transverse myelitis in demyelinating disease of central nervous system	32900	3	910	Block G35-G37	Y	Y	0.00448761198259	-0.00141468007278	0.00470858375082	-0.0126909936118	0.0209403184304	0.0279571540539	0.0257530630802	0.0461133851567	-0.0146406949717	-0.0148587581794
32950	G374	G37.4 Subacute necrotising myelitis	32900	3	910	Block G35-G37	Y	Y	0.00458945634042	-0.00149316417934	0.00444796455842	-0.0127008267135	0.0206303926137	0.0280763225942	0.0260231456844	0.0462911007816	-0.0146240534529	-0.0147069948052
32960	G375	G37.5 Concentric sclerosis [Balo]	32900	3	910	Block G35-G37	Y	Y	0.00453621659406	-0.00147370553512	0.00460740797762	-0.0126259709044	0.0207116498336	0.0279049502386	0.0258489765262	0.0461434036365	-0.0146151947664	-0.0146747814859
32970	G378	G37.8 Other specified demyelinating diseases of central nervous system	32900	3	910	Block G35-G37	Y	Y	0.00450232842654	-0.00158075772095	0.0046823625244	-0.0127915236784	0.0210022380645	0.0279282678974	0.0257575704955	0.0460740021163	-0.0146341919359	-0.0149549189126
32980	G379	G37.9 Demyelinating disease of central nervous system, unspecified	32900	3	910	Block G35-G37	Y	Y	0.00450658140893	-0.00140583323673	0.00459634542791	-0.0125926366947	0.0207541740033	0.0279694981955	0.0258499036191	0.0462210721179	-0.0146566220906	-0.0147250314966
32990	G40	G40 Epilepsy	920	2	920	Block G40-G47	Y	Y	0.000829519778539	0.0349450497643	0.039719609561	0.00278471558576	0.00533369078828	0.00497715230488	-0.00966889895586	-0.0266823516874	0.0230019736426	-0.0151406857033
33000	G400	G40.0 Localisation-related (focal) (partial) idiopathic epilepsy and epileptic syndromes with seizures of localised onset	32990	3	920	Block G40-G47	Y	Y	0.000908048740454	0.0349609282342	0.0398987813091	0.00261290951774	0.00523393644945	0.00480410377716	-0.00971906499653	-0.0269044644191	0.0230315284758	-0.0150376236663
33010	G401	G40.1 Localisation-related (focal) (partial) symptomatic epilepsy and epileptic syndromes with simple partial seizures	32990	3	920	Block G40-G47	Y	Y	0.000922333777114	0.0347726709793	0.0396831022	0.00256108547893	0.00521269880287	0.0047573358545	-0.00969329428157	-0.0267855807757	0.0228695407358	-0.0149153099329
33020	G402	G40.2 Localisation-related (focal) (partial) symptomatic epilepsy and epileptic syndromes with complex partial seizures	32990	3	920	Block G40-G47	Y	Y	0.00090140267924	0.0347707924898	0.0396459359068	0.00262334131633	0.00525110290022	0.00480203922778	-0.00967106249871	-0.0267483655807	0.0228994162516	-0.0149182622241
33030	G403	G40.3 Generalised idiopathic epilepsy and epileptic syndromes	32990	3	920	Block G40-G47	Y	Y	0.000917423794717	0.0349916088962	0.0396816567055	0.0027840824288	0.00540055420218	0.00492182818154	-0.00971783369681	-0.026828832609	0.0230473828492	-0.0151160026912
33040	G404	G40.4 Other generalised epilepsy and epileptic syndromes	32990	3	920	Block G40-G47	Y	Y	0.000870188129077	0.034857344861	0.0397833814866	0.00261764951562	0.00521658106458	0.00480052004319	-0.00965326281483	-0.0268176693062	0.0229584889776	-0.0149929422455
33050	G405	G40.5 Special epileptic syndromes	32990	3	920	Block G40-G47	Y	Y	0.000952202523813	0.0348532260611	0.0398487289339	0.00253591114579	0.00516790036264	0.00473460242001	-0.00973497426853	-0.0268815169567	0.0229515638694	-0.0149520613483
33060	G406	G40.6 Grand mal seizures, unspecified (with or without petit mal)	32990	3	920	Block G40-G47	Y	Y	0.000907561413432	0.0349374638018	0.0396775799761	0.00275231603901	0.00536141316963	0.00491184976264	-0.00970110399165	-0.026808968095	0.0229983250287	-0.0150645240067
33070	G407	G40.7 Petit mal, unspecified, without grand mal seizures	32990	3	920	Block G40-G47	Y	Y	0.000870563221469	0.03491198225	0.0398194373729	0.00262339389233	0.00522851377583	0.00485589155935	-0.00970271467616	-0.026822855101	0.0229623052175	-0.015057875424
33080	G408	G40.8 Other epilepsy	32990	3	920	Block G40-G47	Y	Y	0.000885654596298	0.0348539591806	0.0400051714011	0.00239900862492	0.00498942723329	0.00460852450601	-0.00978036590576	-0.0270376919367	0.0229032458255	-0.0148071602331
33090	G409	G40.9 Epilepsy, unspecified	32990	3	920	Block G40-G47	Y	Y	0.000915144059123	0.0349714987159	0.039684273435	0.00277391423435	0.00541096577502	0.00491895685178	-0.00970611849195	-0.0268304226008	0.0229995540744	-0.0150786851425
33100	G41	G41 Status epilepticus	920	2	920	Block G40-G47	Y	Y	-0.00845479345431	0.030038158898	0.0323902748288	0.0208761347979	0.0201770807982	0.0254349656786	-0.00318300108048	-0.0147046845225	0.0252868940435	-0.0153461656715
33110	G410	G41.0 Grand mal status epilepticus	33100	3	920	Block G40-G47	Y	Y	-0.00844269400646	0.0301458303903	0.0327014359434	0.0207173854484	0.0202320396459	0.0255870231625	-0.00307689473009	-0.0148025073981	0.0255129052784	-0.0154200808401
33120	G411	G41.1 Petit mal status epilepticus	33100	3	920	Block G40-G47	Y	Y	-0.00853493988888	0.030010527715	0.0327174096806	0.0207479075432	0.0201870226511	0.0256263476393	-0.00312098117327	-0.0147551110448	0.0254878196373	-0.0153167953481
33130	G412	G41.2 Complex partial status epilepticus	33100	3	920	Block G40-G47	Y	Y	-0.00846483638013	0.0301030503672	0.032799387675	0.0205919962472	0.0202229201409	0.0256113484708	-0.00302794270089	-0.0148721084259	0.0255111905757	-0.0154108752198
33140	G418	G41.8 Other status epilepticus	33100	3	920	Block G40-G47	Y	Y	-0.00844135139053	0.0300388085223	0.0327757351674	0.0205786025288	0.0202167990618	0.0255870734432	-0.00300891639121	-0.0148585718043	0.025500768211	-0.0154002998856
33150	G419	G41.9 Status epilepticus, unspecified	33100	3	920	Block G40-G47	Y	Y	-0.00844584597507	0.0301142644064	0.032769514524	0.0206295948941	0.020231516932	0.0256016853233	-0.00303657463647	-0.0148748785217	0.0255171397716	-0.0154220168919
33160	G43	G43 Migraine	920	2	920	Block G40-G47	Y	Y	-0.012428816774	0.0421994442171	0.0173880903522	0.0200302858464	0.0211622129296	0.0330954514899	-0.0115336578061	-0.00730882850973	0.0113325964395	-0.0125991152575
33170	G430	G43.0 Migraine without aura [common migraine]	33160	3	920	Block G40-G47	Y	Y	-0.0124450390348	0.042381005073	0.0174859586215	0.0201127072174	0.021274137554	0.0331238666097	-0.011481493803	-0.0072563191771	0.0114871942599	-0.0124058676081
33180	G431	G43.1 Migraine with aura [classical migraine]	33160	3	920	Block G40-G47	Y	Y	-0.0124401027667	0.0423136545542	0.0174412921176	0.0201090063742	0.0212908785612	0.0331859325773	-0.0114968818635	-0.00725514015878	0.0115114972425	-0.0124048246541
33190	G432	G43.2 Status migrainosus	33160	3	920	Block G40-G47	Y	Y	-0.0124473984824	0.0424109763321	0.0175283138673	0.020142990486	0.0213362300411	0.0331037288786	-0.0115241328899	-0.0072664815854	0.0115202010657	-0.0124068968576
33200	G433	G43.3 Complicated migraine	33160	3	920	Block G40-G47	Y	Y	-0.0124688243414	0.0425316719486	0.0175768561951	0.0201865925905	0.0213806048963	0.0331963600584	-0.0115983658987	-0.00729590402464	0.0114948277227	-0.0124628207838
33210	G438	G43.8 Other migraine	33160	3	920	Block G40-G47	Y	Y	-0.0124666256327	0.0423894320732	0.0175167524881	0.020093928493	0.0213078158771	0.0331442923539	-0.0115191357032	-0.00724908973372	0.0115036706786	-0.0123602315879
33220	G439	G43.9 Migraine, unspecified	33160	3	920	Block G40-G47	Y	Y	-0.0124130112135	0.042384315996	0.0175171468264	0.0201379863714	0.0212952329633	0.0330702166092	-0.0114366421548	-0.00730011237165	0.0115789508084	-0.0124808121938
33230	G44	G44 Other headache syndromes	920	2	920	Block G40-G47	Y	Y	-0.00409130840694	0.0234780717652	0.0256730985702	0.0330661995837	0.0272616362744	0.0200148495361	-0.000776129626831	0.00272645262043	0.0305323552307	-0.0172377867892
33240	G440	G44.0 Cluster headache syndrome	33230	3	920	Block G40-G47	Y	Y	-0.00403362438628	0.0233621097197	0.0256659379892	0.033191251094	0.0273337717507	0.0200421807439	-0.000757618902199	0.00291435294521	0.030569402588	-0.0171656694994
33250	G441	G44.1 Vascular headache, not elsewhere classified	33230	3	920	Block G40-G47	Y	Y	-0.0040497230501	0.0235345257591	0.0257097003218	0.0332139936789	0.0274069451658	0.0200546517087	-0.000764805470019	0.00283610322776	0.0306364429013	-0.0172691868477
33260	G442	G44.2 Tension-type headache	33230	3	920	Block G40-G47	Y	Y	-0.0040108667218	0.0233506145042	0.0256470520575	0.0331938839758	0.0273550350065	0.0200216065172	-0.000731886895577	0.0029425173036	0.030585278767	-0.0171677179541
33270	G443	G44.3 Chronic posttraumatic headache	33230	3	920	Block G40-G47	Y	Y	-0.0039915065838	0.0233485158333	0.025570534544	0.0330532602371	0.0272639660615	0.0200422838044	-0.00076851553986	0.00291095621962	0.03050349726	-0.0171166664427
33280	G444	G44.4 Drug-induced headache, not elsewhere classified	33230	3	920	Block G40-G47	Y	Y	-0.00403011773323	0.0233674493354	0.0255828253947	0.0330752815436	0.0272801084273	0.0200103746886	-0.000758915413617	0.00287979440491	0.0305291762811	-0.0171563799947
33290	G448	G44.8 Other specified headache syndromes	33230	3	920	Block G40-G47	Y	Y	-0.00402073645797	0.0235206393753	0.0256625427778	0.0331910089722	0.0274031652533	0.0200707560157	-0.000780326804005	0.00283860096874	0.0306203355219	-0.0172758942276
33300	G45	G45 Transient cerebral ischaemic attacks and related syndromes	920	2	920	Block G40-G47	Y	Y	-0.00845000703815	0.0375763525451	0.0101729436958	0.0249133010896	0.017833044218	0.00816412721452	0.00555978276075	-0.00517825058373	0.0313825250261	-0.0328768175485
33310	G450	G45.0 Vertebro-basilar artery syndrome	33300	3	920	Block G40-G47	Y	Y	-0.00836215184161	0.0376437927854	0.0106204314555	0.0248380289399	0.0177294814461	0.00835521024625	0.00556229947774	-0.005358073281	0.0311550516036	-0.0326729519236
33320	G451	G45.1 Carotid artery syndrome (hemispheric)	33300	3	920	Block G40-G47	Y	Y	-0.00874302120139	0.038204618944	0.0105836285035	0.0252017036474	0.0176209113548	0.00813905421723	0.00584166062556	-0.00524481134889	0.0314977227598	-0.0332262141477
33330	G452	G45.2 Multiple and bilateral precerebral artery syndromes	33300	3	920	Block G40-G47	Y	Y	-0.00846513313724	0.0377691329312	0.0105724639399	0.0249337624489	0.0176958711438	0.00826568364175	0.00569289792857	-0.00529838658705	0.0312486518118	-0.0328069916456
33340	G453	G45.3 Amaurosis fugax	33300	3	920	Block G40-G47	Y	Y	-0.00854332009554	0.0378186511533	0.0104677623151	0.0250016179329	0.017678357702	0.00814420671835	0.0058110956157	-0.00522774463549	0.0313473132749	-0.0329741509376
33350	G454	G45.4 Transient global amnesia	33300	3	920	Block G40-G47	Y	Y	-0.0084706242185	0.0377541299819	0.010464202847	0.0250078629851	0.0177721872394	0.00823933196543	0.00562717292322	-0.00526221540371	0.0313145960275	-0.0329032438972
33360	G458	G45.8 Other transient cerebral ischaemic attacks and related syndromes	33300	3	920	Block G40-G47	Y	Y	-0.00846128063009	0.0376813856962	0.0105618220515	0.0249190175207	0.0177252121119	0.00829667831244	0.0056608240771	-0.00528544802326	0.0312169200236	-0.0327665223605
33370	G459	G45.9 Transient cerebral ischaemic attack, unspecified	33300	3	920	Block G40-G47	Y	Y	-0.00857720605427	0.0381227276082	0.0108149990646	0.0251098796848	0.0176252358881	0.00827601372616	0.00583783953467	-0.00537123223072	0.0313765188072	-0.0330630614155
33380	G46	G46 Vascular syndromes of brain in cerebrovascular diseases	920	2	920	Block G40-G47	Y	Y	-0.00766630167451	0.0516678171439	0.0173998011481	0.00513588560104	0.00651202226385	0.0137081036497	0.000935144769869	-0.0248920681862	0.00555136472077	-0.0270054049326
33390	G460	G46.0 Middle cerebral artery syndrome	33380	3	920	Block G40-G47	Y	Y	-0.00765821866815	0.0517402900648	0.0173750332055	0.00497948642294	0.00647760102227	0.0136950329853	0.000962671171474	-0.024950952237	0.00537142713112	-0.0270303359733
33400	G461	G46.1 Anterior cerebral artery syndrome	33380	3	920	Block G40-G47	Y	Y	-0.00765777021322	0.0517562072466	0.0174036777637	0.00502616940303	0.00653597903686	0.0136918339301	0.000930300792423	-0.0249637001519	0.00538152486915	-0.0270195784601
33410	G462	G46.2 Posterior cerebral artery syndrome	33380	3	920	Block G40-G47	Y	Y	-0.00770213033059	0.0517206855936	0.017367351494	0.00507691619043	0.00664516058244	0.0136748218887	0.000960256486177	-0.0248905204666	0.00536640835952	-0.0268815254489
33420	G463	G46.3 Brain stem stroke syndrome	33380	3	920	Block G40-G47	Y	Y	-0.0076990748548	0.0517041007937	0.017368342349	0.00510737001757	0.00674969743919	0.0136783765893	0.00092765268439	-0.0248329247912	0.00535299793705	-0.0268542895217
33430	G464	G46.4 Cerebellar stroke syndrome	33380	3	920	Block G40-G47	Y	Y	-0.00769157407064	0.0516586733952	0.0172964848747	0.00483562433812	0.00639455342573	0.0136779860852	0.00107053226077	-0.0250212811841	0.00518698647478	-0.0270294232553
33440	G465	G46.5 Pure motor lacunar syndrome	33380	3	920	Block G40-G47	Y	Y	-0.0077397809709	0.0520617256635	0.0174916999179	0.00514191941008	0.00683371675418	0.0137359272789	0.00101355488933	-0.0250355368546	0.0053536513241	-0.0268666854628
33450	G466	G46.6 Pure sensory lacunar syndrome	33380	3	920	Block G40-G47	Y	Y	-0.00769967153962	0.0516025936187	0.0172906481458	0.00487790158436	0.00643462373482	0.0136489920995	0.00103883299441	-0.0249708743151	0.00523704438645	-0.0269641490312
33460	G467	G46.7 Other lacunar syndromes	33380	3	920	Block G40-G47	Y	Y	-0.00763508369413	0.0517630286208	0.0174413777975	0.00511715916519	0.00659701877224	0.0137015886345	0.000886664531355	-0.0249383099043	0.00544986860041	-0.0269831554313
33470	G468	G46.8 Other vascular syndromes of brain in cerebrovascular diseases	33380	3	920	Block G40-G47	Y	Y	-0.00764078333575	0.0517114215048	0.0174277340212	0.00509259104825	0.00660536983241	0.0136920386841	0.000909705745288	-0.0249171791169	0.00542212234256	-0.0269580367403
33480	G47	G47 Sleep disorders	920	2	920	Block G40-G47	Y	Y	0.00916835063459	0.0396360854902	0.0147554375736	0.0242444793016	0.0130055059246	0.0133723791161	-0.00919060332502	-0.0217790186111	0.0295789716912	-0.0199062345191
33490	G470	G47.0 Disorders of initiating and maintaining sleep [insomnias]	33480	3	920	Block G40-G47	Y	Y	0.00915826525948	0.03969796893	0.0148472297029	0.0241800128934	0.0130869320554	0.0133987683466	-0.00917949324823	-0.0217283715079	0.0296289342477	-0.0198602435681
33500	G471	G47.1 Disorders of excessive somnolence [hypersomnias]	33480	3	920	Block G40-G47	Y	Y	0.00928030757292	0.0397042938089	0.0148342140745	0.0241670060916	0.0130784679161	0.0133998246683	-0.00914359309991	-0.0217179192956	0.0295433861933	-0.0199030906051
33510	G472	G47.2 Disorders of the sleep-wake schedule	33480	3	920	Block G40-G47	Y	Y	0.00927714430354	0.0397537902151	0.0147607264286	0.0241487074123	0.0129654492198	0.0133106830322	-0.00925473914334	-0.021801368483	0.0296446749447	-0.0199088206786
33520	G473	G47.3 Sleep apnoea	33480	3	920	Block G40-G47	Y	Y	0.00928322548613	0.0397171229298	0.0148609275031	0.0240927812947	0.0130532951185	0.0133684068764	-0.00916617749131	-0.0216615007267	0.0295443378846	-0.0198960321231
33530	G474	G47.4 Narcolepsy and cataplexy	33480	3	920	Block G40-G47	Y	Y	0.00929883695592	0.039710404039	0.0147026771355	0.0241569660612	0.0129240536847	0.0132594818122	-0.00925786197923	-0.0218026489159	0.0296187604119	-0.0198574598971
33540	G478	G47.8 Other sleep disorders	33480	3	920	Block G40-G47	Y	Y	0.00928783336696	0.0397235377953	0.0147284330047	0.0241823846805	0.0129473859565	0.0133086940493	-0.00924362503364	-0.0218012941972	0.029655454864	-0.0198939424762
33550	G479	G47.9 Sleep disorder, unspecified	33480	3	920	Block G40-G47	Y	Y	0.00955481989714	0.0400602677074	0.0145597990011	0.0245574995452	0.0128221142182	0.0132131581855	-0.00955931186499	-0.0223626347594	0.0301249332966	-0.0200207870514
33560	G50	G50 Disorders of trigeminal nerve	930	2	930	Block G50-G59	Y	Y	-0.0169511519412	-0.0324880218058	-0.00409396413457	-0.00119012368116	-0.00968322513688	-0.00246930519813	-0.0218223766353	-0.00413230508468	-0.0145593327601	-0.050653759368
33570	G500	G50.0 Trigeminal neuralgia	33560	3	930	Block G50-G59	Y	Y	-0.0169262387855	-0.0325323882433	-0.00414295071064	-0.00111913347186	-0.00971749886798	-0.00238432995765	-0.0218765932928	-0.00407685886024	-0.0145699825026	-0.0507292235855
33580	G501	G50.1 Atypical facial pain	33560	3	930	Block G50-G59	Y	Y	-0.0170323969066	-0.0324858839209	-0.00407268599452	-0.00121945539531	-0.00967133850153	-0.00255401203558	-0.0218166295675	-0.00420647594671	-0.0145784015604	-0.050746462535
33590	G508	G50.8 Other disorders of trigeminal nerve	33560	3	930	Block G50-G59	Y	Y	-0.0169234734381	-0.0324942164709	-0.00410657810595	-0.00115737682854	-0.00976717119254	-0.00239956154232	-0.021852793504	-0.00413665341711	-0.0146027118654	-0.0506902426485
33600	G509	G50.9 Disorder of trigeminal nerve, unspecified	33560	3	930	Block G50-G59	Y	Y	-0.0169844345437	-0.0325596059162	-0.00411054742179	-0.00119303410867	-0.00970955488976	-0.00246082607157	-0.0218608512171	-0.00412901695708	-0.0145834997545	-0.0507553278819
33610	G51	G51 Facial nerve disorders	930	2	930	Block G50-G59	Y	Y	0.00297545715001	-0.030509806441	-0.00748646170067	0.0281180844021	-0.0088039280514	0.00666512648792	-0.0333263193315	0.00779673566545	-0.00216026383023	-0.0402793024154
33620	G510	G51.0 Bell's palsy	33610	3	930	Block G50-G59	Y	Y	0.00283459938599	-0.0305554000653	-0.0074762896987	0.0278603178298	-0.00885019976544	0.00676304126963	-0.0334335389034	0.00773390731011	-0.00240579710957	-0.040474023464
33630	G511	G51.1 Geniculate ganglionitis	33610	3	930	Block G50-G59	Y	Y	0.00303869538489	-0.0305468112657	-0.00753297661253	0.0283370863145	-0.00882490529291	0.00661864416269	-0.0333607770262	0.00785510546442	-0.00204983200238	-0.0402692837329
33640	G512	G51.2 Melkersson's syndrome	33610	3	930	Block G50-G59	Y	Y	0.00285468646524	-0.0306305013692	-0.00740849059768	0.0276826153095	-0.00884762639545	0.00674541189323	-0.0333792077377	0.00773843907294	-0.00244400287784	-0.0404579398664
33650	G513	G51.3 Clonic hemifacial spasm	33610	3	930	Block G50-G59	Y	Y	0.00291099572452	-0.0306510468344	-0.00748165127913	0.028064585636	-0.00886234031686	0.0067247981533	-0.0334628539922	0.00778719381122	-0.00228085122192	-0.040535944268
33660	G514	G51.4 Facial myokymia	33610	3	930	Block G50-G59	Y	Y	0.00282271197868	-0.0305123743336	-0.00747024105897	0.0278659528018	-0.00884203552136	0.00673018600396	-0.0333957295417	0.0077285690425	-0.00240177172442	-0.0403898351136
33670	G518	G51.8 Other disorders of facial nerve	33610	3	930	Block G50-G59	Y	Y	0.00280521531519	-0.0307671603398	-0.00748420605869	0.0278113981836	-0.00892945313539	0.00683273128245	-0.0336258939725	0.00775508002138	-0.00251693588767	-0.0407533198306
33680	G519	G51.9 Disorder of facial nerve, unspecified	33610	3	930	Block G50-G59	Y	Y	0.00277181176024	-0.0307862289943	-0.00742903941903	0.0276390339778	-0.00886518793949	0.00684675323068	-0.0336472800685	0.00777519916111	-0.00255135543983	-0.0407921735199
33690	G52	G52 Disorders of other cranial nerves	930	2	930	Block G50-G59	Y	Y	-0.021205597888	-0.036001309144	0.0139695311622	0.0056091654234	-0.00958050030458	0.013089046284	-0.0264420772799	0.0144818697578	-0.0067703900118	-0.0391699137031
33700	G520	G52.0 Disorders of olfactory nerve	33690	3	930	Block G50-G59	Y	Y	-0.0212924666729	-0.0361902488524	0.0138371417717	0.00565772048486	-0.00970773466644	0.0132458281962	-0.0266181870275	0.0144020087666	-0.00685330942568	-0.0394687067429
33710	G521	G52.1 Disorders of glossopharyngeal nerve	33690	3	930	Block G50-G59	Y	Y	-0.0212911474048	-0.0361693223867	0.0138363649476	0.00567236249665	-0.00966333977961	0.0131993592067	-0.0265820434855	0.0144544813435	-0.00684040448228	-0.0393452421842
33720	G522	G52.2 Disorders of vagus nerve	33690	3	930	Block G50-G59	Y	Y	-0.0213502258331	-0.0361494080327	0.0138803664132	0.00569279358262	-0.00965439932365	0.0131985824281	-0.026547402493	0.0144732984462	-0.00681305980909	-0.0392930036539
33730	G523	G52.3 Disorders of hypoglossal nerve	33690	3	930	Block G50-G59	Y	Y	-0.0212252462457	-0.0360546502231	0.0139816066129	0.00566125764386	-0.00957001841447	0.013186993309	-0.0264493626142	0.0144899346731	-0.00676924257682	-0.0391328314142
33740	G527	G52.7 Disorders of multiple cranial nerves	33690	3	930	Block G50-G59	Y	Y	-0.0211919887863	-0.0361111046464	0.0137486517557	0.00570655010079	-0.00968310865054	0.0132111062048	-0.0265700407158	0.0144075237114	-0.0068440256137	-0.039295100046
33750	G528	G52.8 Disorders of other specified cranial nerves	33690	3	930	Block G50-G59	Y	Y	-0.0213288248189	-0.0361813544536	0.0140981559279	0.00562152638938	-0.00962105692167	0.0131387140833	-0.0265493740555	0.0145777767373	-0.00677658517439	-0.0393213848775
33760	G529	G52.9 Cranial nerve disorder, unspecified	33690	3	930	Block G50-G59	Y	Y	-0.0212234408256	-0.0361104998532	0.0138951860992	0.00566035219928	-0.00970637805373	0.0130889141822	-0.02648943867	0.0144697073155	-0.00678208161921	-0.0392762321587
33770	G53	G53 Cranial nerve disorders in diseases classified elsewhere	930	2	930	Block G50-G59	Y	Y	0.00385959064847	-0.038300338917	-0.00639741825107	0.00436217211414	-0.0171260900813	0.0226139443078	-0.0160476740391	-0.00102947715779	0.00282667284103	-0.0467661006915
33780	G530	G53.0 Postzoster neuralgia	33770	3	930	Block G50-G59	Y	Y	0.00397008086829	-0.0383183755948	-0.00630253599048	0.00425580611006	-0.0169612187161	0.0227454007889	-0.0161257457225	-0.000960067568327	0.00293058526593	-0.0471124640186
33790	G531	G53.1 Multiple cranial nerve palsies in infectious and parasitic diseases classified elsewhere	33770	3	930	Block G50-G59	Y	Y	0.0039645465307	-0.0383034615954	-0.00633115260321	0.00431192368241	-0.0170635614945	0.0227070425225	-0.0160412967407	-0.00100941538586	0.0029405590318	-0.0469832446812
33800	G532	G53.2 Multiple cranial nerve palsies in sarcoidosis	33770	3	930	Block G50-G59	Y	Y	0.00394546049594	-0.0382602432065	-0.00631942894695	0.00427201925295	-0.0170162137099	0.0227005708529	-0.0160962680802	-0.00100736815185	0.00287875206138	-0.0470090097497
33810	G533	G53.3 Multiple cranial nerve palsies in neoplastic disease	33770	3	930	Block G50-G59	Y	Y	0.00398893944359	-0.0383007426937	-0.00628606722406	0.00423273968665	-0.01691537787	0.0227371983599	-0.0161540023593	-0.000936328737343	0.00290315031529	-0.0471599894663
33820	G538	G53.8 Other cranial nerve disorders in other diseases classified elsewhere	33770	3	930	Block G50-G59	Y	Y	0.00395551706684	-0.0383086251543	-0.00632757057965	0.00430388914233	-0.0170221701292	0.0227398176891	-0.0161271157539	-0.00101935866986	0.00286776356265	-0.0470594003136
33830	G54	G54 Nerve root and plexus disorders	930	2	930	Block G50-G59	Y	Y	0.0217616789019	-0.0211098643259	0.00125935669867	-0.0071144717908	-0.0252122114933	0.0166938759667	-0.0183158842013	-0.0119481825937	-0.0180546148258	-0.0451277950662
33840	G540	G54.0 Brachial plexus disorders	33830	3	930	Block G50-G59	Y	Y	0.0220572406435	-0.0211239245288	0.00124614104268	-0.00728080772254	-0.0252835275675	0.016703066072	-0.0183088051149	-0.0120811781843	-0.0180813669453	-0.0452274642966
33850	G541	G54.1 Lumbosacral plexus disorders	33830	3	930	Block G50-G59	Y	Y	0.0220113923005	-0.0212544979027	0.00117500432489	-0.00728427768655	-0.0253258622283	0.016721585531	-0.0183420410797	-0.0120494955609	-0.0181098456076	-0.0453056860215
33860	G542	G54.2 Cervical root disorders, not elsewhere classified	33830	3	930	Block G50-G59	Y	Y	0.0219110123214	-0.021158230925	0.00121040772184	-0.00717396839061	-0.0252516607917	0.0166616577305	-0.0182864441351	-0.0119650689952	-0.0180657139919	-0.0451769095139
33870	G543	G54.3 Thoracic root disorders, not elsewhere classified	33830	3	930	Block G50-G59	Y	Y	0.0220105192347	-0.0212751432109	0.00113989526502	-0.00731810061346	-0.0253103067601	0.0166914256456	-0.0183382990097	-0.0120525952242	-0.0180679120685	-0.0452522904405
33880	G544	G54.4 Lumbosacral root disorders, not elsewhere classified	33830	3	930	Block G50-G59	Y	Y	0.0220248804775	-0.0212367378021	0.00117754441132	-0.00728898895225	-0.025335780965	0.0167406615984	-0.0183755717349	-0.0120625999977	-0.0181404354885	-0.0453016636625
33890	G545	G54.5 Neuralgic amyotrophy	33830	3	930	Block G50-G59	Y	Y	0.0219053428845	-0.0212095738577	0.0010979934831	-0.00725809721126	-0.025184084701	0.0165447518376	-0.018227747085	-0.0118899387437	-0.0179594922952	-0.0450239965729
33900	G546	G54.6 Phantom limb syndrome with pain	33830	3	930	Block G50-G59	Y	Y	0.0219711552469	-0.0212161638796	0.00122492712843	-0.00722583563076	-0.0252956089108	0.0166936890822	-0.0183080978025	-0.0120068152383	-0.0181045380194	-0.0452626279338
33910	G547	G54.7 Phantom limb syndrome without pain	33830	3	930	Block G50-G59	Y	Y	0.0218066241744	-0.0212451870331	0.00118024393735	-0.00717807980779	-0.0252369116238	0.0166597161161	-0.0183500781841	-0.0119093913635	-0.0180408434896	-0.045244363839
33920	G548	G54.8 Other nerve root and plexus disorders	33830	3	930	Block G50-G59	Y	Y	0.0220885880311	-0.0213211652489	0.00114504072839	-0.00736809833787	-0.0254138906742	0.0167524425356	-0.0183885164504	-0.0121023310229	-0.0181200427183	-0.0453633376646
33930	G549	G54.9 Nerve root and plexus disorder, unspecified	33830	3	930	Block G50-G59	Y	Y	0.0219146357239	-0.021167115858	0.00126838196101	-0.00713449700094	-0.0253001131224	0.0167456412568	-0.0183747129737	-0.0119933761399	-0.018133229748	-0.0453428525882
33940	G55	G55 Nerve root and plexus compressions in diseases classified elsewhere	930	2	930	Block G50-G59	Y	Y	-0.00904193939447	-0.0316634530454	-0.0153918125105	0.010539147818	-0.00716042475402	0.0204485474054	-0.0310322040844	0.0193329247492	-0.0176813212863	-0.0368641707754
33950	G550	G55.0 Nerve root and plexus compressions in neoplastic disease	33940	3	930	Block G50-G59	Y	Y	-0.0089258543599	-0.0316948594648	-0.0153261757223	0.0104347209471	-0.00720587416422	0.0203986248141	-0.0309861541216	0.0193187165193	-0.0176717953688	-0.0367795643987
33960	G551	G55.1 Nerve root and plexus compressions in intervertebral disk disorders	33940	3	930	Block G50-G59	Y	Y	-0.00900546881415	-0.0318369672723	-0.0155119811279	0.0105442712207	-0.00721328465514	0.0204984030458	-0.0310902094078	0.0193998042469	-0.0177480976589	-0.0369794619428
33970	G552	G55.2 Nerve root and plexus compressions in spondylosis	33940	3	930	Block G50-G59	Y	Y	-0.00888735084637	-0.0317307343208	-0.0154573871768	0.0104657587097	-0.0072486292225	0.0204358741783	-0.0309747224452	0.0194150268331	-0.0177469261997	-0.0367329663623
33980	G553	G55.3 Nerve root and plexus compressions in other dorsopathies	33940	3	930	Block G50-G59	Y	Y	-0.00905341154657	-0.0317988481763	-0.0154065545825	0.0105785794226	-0.00711278749468	0.0204854012983	-0.0310531196642	0.0194103290754	-0.0177041290281	-0.0369936882141
33990	G558	G55.8 Nerve root and plexus compressions in other diseases classified elsewhere	33940	3	930	Block G50-G59	Y	Y	-0.00904578377114	-0.03175311522	-0.0154169573372	0.0105623122084	-0.00707575776826	0.0205096020983	-0.0310448281022	0.0194227612676	-0.017681398115	-0.0369520659734
34000	G56	G56 Mononeuropathies of upper limb	930	2	930	Block G50-G59	Y	Y	-0.012817580929	-0.01597169617	-0.0266153821612	0.00391308489375	-0.0233638686716	0.00903714374546	-0.0277066446431	0.00728194012092	-0.0187550898547	-0.0418168690576
34010	G560	G56.0 Carpal tunnel syndrome	34000	3	930	Block G50-G59	Y	Y	-0.0129557790046	-0.0160851288976	-0.0269932698511	0.00389318383273	-0.0235301857378	0.00898343779677	-0.0280507333278	0.00725861550245	-0.0188220190206	-0.0418071149212
34020	G561	G56.1 Other lesions of median nerve	34000	3	930	Block G50-G59	Y	Y	-0.0132115222444	-0.0162530765326	-0.0275230410338	0.00385147569672	-0.0238253940231	0.00874453675079	-0.0285209724676	0.00703857106474	-0.018768169471	-0.0415650293401
34030	G562	G56.2 Lesion of ulnar nerve	34000	3	930	Block G50-G59	Y	Y	-0.0129492029858	-0.0161453321487	-0.0269015253049	0.00388696017585	-0.0234654488397	0.00890856484059	-0.0281192795885	0.00720874979254	-0.0187513486306	-0.0417622857432
34040	G563	G56.3 Lesion of radial nerve	34000	3	930	Block G50-G59	Y	Y	-0.0129923681427	-0.0161649324763	-0.0269714335248	0.00388271616115	-0.0235266428257	0.00889112477629	-0.0281471639489	0.00720990544663	-0.0187807696919	-0.0417438550688
34050	G564	G56.4 Causalgia	34000	3	930	Block G50-G59	Y	Y	-0.0131555784229	-0.0163813336427	-0.0274886578354	0.00382937372043	-0.023802604668	0.0087604599792	-0.0286099094006	0.00704137390143	-0.0188054997291	-0.0415820200215
34060	G568	G56.8 Other mononeuropathies of upper limb	34000	3	930	Block G50-G59	Y	Y	-0.012994715055	-0.0160493800526	-0.0270484797773	0.0038646867282	-0.0235262003042	0.00884481624855	-0.0280695492065	0.00719057090917	-0.0187462802881	-0.0415797322634
34070	G569	G56.9 Mononeuropathy of upper limb, unspecified	34000	3	930	Block G50-G59	Y	Y	-0.0129790275386	-0.0160328008353	-0.0270162943065	0.00388670076428	-0.023501753435	0.00885421568692	-0.0280256062061	0.00715689438519	-0.0187098998653	-0.0415176019551
34080	G57	G57 Mononeuropathies of lower limb	930	2	930	Block G50-G59	Y	Y	0.00415218630966	-0.0185375282911	0.0110480442699	0.0101313646524	-0.0329846643672	-0.00232734212828	-0.0311617393112	-0.0161051068659	-0.0169103599852	-0.0387003594773
34090	G570	G57.0 Lesion of sciatic nerve	34080	3	930	Block G50-G59	Y	Y	0.00408381952506	-0.0187044462547	0.0109708482646	0.0101967226509	-0.0330073404962	-0.00226232352349	-0.0312253928273	-0.0161875513168	-0.0169889953598	-0.0389238340862
34100	G571	G57.1 Meralgia paraesthetica	34080	3	930	Block G50-G59	Y	Y	0.004103909891	-0.0186513484879	0.0110492687614	0.0101386759031	-0.0330615200118	-0.00234693907563	-0.0312141601457	-0.0161354636769	-0.0170041284244	-0.0388647576626
34110	G572	G57.2 Lesion of femoral nerve	34080	3	930	Block G50-G59	Y	Y	0.00410104328002	-0.0185540285906	0.0110900453834	0.0101060281369	-0.0330532867208	-0.00232207977581	-0.031239746124	-0.016114128235	-0.0169013360134	-0.0387955757006
34120	G573	G57.3 Lesion of lateral popliteal nerve	34080	3	930	Block G50-G59	Y	Y	0.00418925099167	-0.0185686577316	0.0111065375563	0.010185524404	-0.0330954578216	-0.00237121185215	-0.0312613772252	-0.0161762995377	-0.0169620483963	-0.0387891778444
34130	G574	G57.4 Lesion of medial popliteal nerve	34080	3	930	Block G50-G59	Y	Y	0.00403856234399	-0.0188076852566	0.0109166414551	0.0101427837269	-0.0330060095009	-0.00221518709484	-0.031179055413	-0.0160758629653	-0.0170225031728	-0.038979684508
34140	G575	G57.5 Tarsal tunnel syndrome	34080	3	930	Block G50-G59	Y	Y	0.00410998646065	-0.0186236300279	0.0110773690905	0.010138373388	-0.0330808085189	-0.00233452849083	-0.0312225961363	-0.0161260623565	-0.0169786271239	-0.038851655107
34150	G576	G57.6 Lesion of plantar nerve	34080	3	930	Block G50-G59	Y	Y	0.00405699699596	-0.0188116548286	0.0109112129105	0.0101271214826	-0.0329734956415	-0.00218229888643	-0.03117811756	-0.0160959036552	-0.0170148650763	-0.0389873538747
34160	G578	G57.8 Other mononeuropathies of lower limb	34080	3	930	Block G50-G59	Y	Y	0.00411172154626	-0.0186177626083	0.0110793931413	0.0102134558207	-0.0331155513279	-0.00239914164513	-0.0312008217137	-0.0161397888112	-0.0170170584549	-0.0388482331016
34170	G579	G57.9 Mononeuropathy of lower limb, unspecified	34080	3	930	Block G50-G59	Y	Y	0.00408723414415	-0.0187558483103	0.010985112864	0.0101378047019	-0.0330690770399	-0.00224199243752	-0.03124326206	-0.0161278016128	-0.0170258082735	-0.0389736176251
34180	G58	G58 Other mononeuropathies	930	2	930	Block G50-G59	Y	Y	-0.00833612680043	-0.0337451951946	0.0037850553505	-0.000340238684399	-0.0134105477499	0.0274885004074	-0.0246968515973	0.00191569148664	-0.0239977801459	-0.037102103392
34190	G580	G58.0 Intercostal neuropathy	34180	3	930	Block G50-G59	Y	Y	-0.00844300902759	-0.0339622516817	0.0039496563684	-0.000364917843837	-0.0133070445387	0.0278279097383	-0.0247476745471	0.00187584133094	-0.0245753389354	-0.0371251015268
34200	G587	G58.7 Mononeuritis multiplex	34180	3	930	Block G50-G59	Y	Y	-0.00840933818968	-0.0339877860891	0.0038296803382	-0.000366233123909	-0.0134439434063	0.0277018029127	-0.0248361494704	0.00192049045084	-0.024289062541	-0.0372094870923
34210	G588	G58.8 Other specified mononeuropathies	34180	3	930	Block G50-G59	Y	Y	-0.00832521343935	-0.0337786494468	0.00376413368997	-0.000323104056836	-0.0133763120898	0.0275186106661	-0.0246856615988	0.00188263352548	-0.0241171324485	-0.0370725078817
34220	G589	G58.9 Mononeuropathy, unspecified	34180	3	930	Block G50-G59	Y	Y	-0.00829571670259	-0.0337386872645	0.00369131808488	-0.000284438555979	-0.0133765162732	0.0274595746672	-0.0246607467945	0.0018638968821	-0.0240497799268	-0.037107346726
34230	G59	G59 Mononeuropathy in diseases classified elsewhere	930	2	930	Block G50-G59	Y	Y	-0.00264126102552	-0.0282741629667	-0.0129631299822	0.000520416214861	-0.0193714889891	0.0093640985903	-0.024823054197	-0.00248770518572	-0.0127863980766	-0.0499029918853
34240	G590	G59.0 Diabetic mononeuropathy	34230	3	930	Block G50-G59	Y	Y	-0.00260526228767	-0.0283144772157	-0.0130437444692	0.000490773017656	-0.0194527737653	0.00937098462726	-0.0248849923385	-0.00250338618774	-0.0128198462836	-0.0499896175361
34250	G598	G59.8 Other mononeuropathies in diseases classified elsewhere	34230	3	930	Block G50-G59	Y	Y	-0.00264277029997	-0.0282770824219	-0.0131168452154	0.000430962471427	-0.0194284137252	0.00932925374523	-0.0248371075095	-0.00256235290835	-0.0128004539893	-0.050051037765
34260	G60	G60 Hereditary and idiopathic neuropathy	940	2	940	Block G60-G64	Y	Y	-0.0190676861875	0.0317702002137	-0.00741673766895	-0.023201918334	-0.00636529994072	0.0131841874173	0.0388171737108	0.0197628092402	0.00890151319666	0.021971231479
34270	G600	G60.0 Hereditary motor and sensory neuropathy	34260	3	940	Block G60-G64	Y	Y	-0.0190743983218	0.0317291739497	-0.00740830010463	-0.0232007633171	-0.00651707221402	0.0133740273651	0.0389114448277	0.0198050578296	0.00888814715294	0.022013181874
34280	G601	G60.1 Refsum's disease	34260	3	940	Block G60-G64	Y	Y	-0.0190919292392	0.0318090030792	-0.00749043288184	-0.0233182677139	-0.00650087390892	0.0134877050513	0.0390483465563	0.0198599929915	0.00891450762586	0.0220758172463
34290	G602	G60.2 Neuropathy in association with hereditary ataxia	34260	3	940	Block G60-G64	Y	Y	-0.0191069999685	0.0319339359993	-0.00761419059525	-0.0233656602192	-0.00624171614847	0.0132202739829	0.0389176457086	0.0198438379339	0.00890701491649	0.0219445371228
34300	G603	G60.3 Idiopathic progressive neuropathy	34260	3	940	Block G60-G64	Y	Y	-0.0191004442231	0.0318982570462	-0.00755914571065	-0.023348506566	-0.00630962326173	0.0132370193325	0.038932110672	0.0198500526959	0.00889067600146	0.021950064527
34310	G608	G60.8 Other hereditary and idiopathic neuropathies	34260	3	940	Block G60-G64	Y	Y	-0.0190833159652	0.0317123055921	-0.0073726299308	-0.0231640730985	-0.00655795600333	0.0134027630332	0.0389158113047	0.0197886609707	0.00890792464218	0.0221006576171
34320	G609	G60.9 Hereditary and idiopathic neuropathy, unspecified	34260	3	940	Block G60-G64	Y	Y	-0.0190882511414	0.0318135829186	-0.00746984792237	-0.0233021646237	-0.00647108272479	0.0134359076995	0.0390050689076	0.0198480601763	0.00890566166295	0.0220426230422
34330	G61	G61 Inflammatory polyneuropathy	940	2	940	Block G60-G64	Y	Y	-0.0282522802724	0.0362131703654	-0.0128456344158	-0.0177630090777	-0.00224073689655	-0.0211891143535	0.0283375837731	0.0210318556508	0.0112396947427	0.0178689297599
34340	G610	G61.0 Guillain-Barre syndrome	34330	3	940	Block G60-G64	Y	Y	-0.0283036100146	0.0359463010055	-0.0127955428845	-0.0178574136563	-0.00240626268997	-0.0210930897681	0.0284020034069	0.0210042627279	0.0111392877987	0.0180160610494
34350	G611	G61.1 Serum neuropathy	34330	3	940	Block G60-G64	Y	Y	-0.0283190076235	0.0360289508656	-0.0127381243606	-0.017856512683	-0.00234576610089	-0.0210537563358	0.0284092634447	0.021025166402	0.0111770294574	0.0180057458266
34360	G618	G61.8 Other inflammatory polyneuropathies	34330	3	940	Block G60-G64	Y	Y	-0.0282699100175	0.035918250567	-0.0128229573603	-0.0178394252405	-0.00239763121501	-0.0211047090673	0.0283965155639	0.0210113118012	0.011076133018	0.0179176261264
34370	G619	G61.9 Inflammatory polyneuropathy, unspecified	34330	3	940	Block G60-G64	Y	Y	-0.0282951515113	0.0360061996138	-0.0128463872685	-0.0178312542769	-0.00235891239278	-0.0211338970602	0.0284071556882	0.0210449047495	0.0111286020972	0.0179210244098
34380	G62	G62 Other polyneuropathies	940	2	940	Block G60-G64	Y	Y	-0.0310530540692	0.0280277992162	0.0128269063858	-0.0210817095073	0.00276482517034	-0.0112346175422	0.0275164561013	0.0221908706954	0.00832751857894	0.02851357054
34390	G620	G62.0 Drug-induced polyneuropathy	34380	3	940	Block G60-G64	Y	Y	-0.0309769374488	0.0280712364535	0.0128181062197	-0.0210703193262	0.00302214177879	-0.0112857254102	0.0277069307368	0.0222370884377	0.00834599166462	0.0285201004808
34400	G621	G62.1 Alcoholic polyneuropathy	34380	3	940	Block G60-G64	Y	Y	-0.0311059631832	0.0281067988482	0.0128598984065	-0.0211195913512	0.00280707512057	-0.0112798257842	0.0275858640007	0.0222521978355	0.00834438026254	0.0285859549485
34410	G622	G62.2 Polyneuropathy due to other toxic agents	34380	3	940	Block G60-G64	Y	Y	-0.0310155677413	0.0281376037863	0.0128529827308	-0.0210852342279	0.00306801043074	-0.0113240555101	0.0277941446418	0.0222671909905	0.00835351439926	0.0285719612548
34420	G628	G62.8 Other specified polyneuropathies	34380	3	940	Block G60-G64	Y	Y	-0.0310900593154	0.0280745664412	0.0129578730899	-0.0211418435392	0.00289017601741	-0.0112828726116	0.0276210819157	0.0223022629599	0.00829529976154	0.0285679608943
34430	G629	G62.9 Polyneuropathy, unspecified	34380	3	940	Block G60-G64	Y	Y	-0.0311412589416	0.0280953294069	0.0129255236983	-0.0211661117854	0.00281471871034	-0.011264867253	0.0276134035396	0.0222794864322	0.00835942749854	0.0286128616184
34440	G63	G63 Polyneuropathy in diseases classified elsewhere	940	2	940	Block G60-G64	Y	Y	-0.0115108116807	0.022632817466	0.0220373369553	0.01099629931	0.00411668205796	-0.0358638330684	-0.00327529474951	0.00198511325738	0.0207178202475	0.0356735770496
34450	G630	G63.0 Polyneuropathy in infectious and parasitic diseases classified elsewhere	34440	3	940	Block G60-G64	Y	Y	-0.0115341674955	0.0227614240881	0.0222682204409	0.0111781246747	0.00422008523755	-0.0361194177767	-0.00340084341267	0.00189043437457	0.0207941996926	0.0360181906608
34460	G631	G63.1 Polyneuropathy in neoplastic disease	34440	3	940	Block G60-G64	Y	Y	-0.0115728693488	0.0227111961183	0.0221182848555	0.0110377038472	0.00416175252249	-0.0360120525534	-0.00319442347507	0.00199987855912	0.0208269245555	0.035856248127
34470	G632	G63.2 Diabetic polyneuropathy	34440	3	940	Block G60-G64	Y	Y	-0.0115373084784	0.0227721558103	0.0222662567431	0.011154983038	0.00423019653824	-0.036108315989	-0.00339997970224	0.00189252609308	0.0207936596433	0.0360143259516
34480	G633	G63.3 Polyneuropathy in other endocrine and metabolic diseases	34440	3	940	Block G60-G64	Y	Y	-0.0115034383001	0.0226360695962	0.0221395610013	0.0111272742371	0.00418566728738	-0.0359930871521	-0.00331046286835	0.00191515928258	0.0207685670938	0.035794477737
34490	G634	G63.4 Polyneuropathy in nutritional deficiency	34440	3	940	Block G60-G64	Y	Y	-0.0115494298005	0.0227657680406	0.0222164312365	0.0111173806841	0.00422285655439	-0.0361288004375	-0.0033097864993	0.00198213514075	0.0208673798999	0.0359085788276
34500	G635	G63.5 Polyneuropathy in systemic connective tissue disorders	34440	3	940	Block G60-G64	Y	Y	-0.0115209570393	0.0227649367284	0.0223133477056	0.0111998472296	0.00425396013364	-0.0363228358627	-0.00349473710352	0.00193455409984	0.0209195426635	0.036030603572
34510	G636	G63.6 Polyneuropathy in other musculoskeletal disorders	34440	3	940	Block G60-G64	Y	Y	-0.0115464471902	0.0227643698748	0.0221898854986	0.0110305922527	0.00418057005207	-0.0362522546429	-0.00336704638945	0.00207029974202	0.0209246928357	0.0359444175864
34520	G638	G63.8 Polyneuropathy in other diseases classified elsewhere	34440	3	940	Block G60-G64	Y	Y	-0.0115430706381	0.0227600896641	0.0222159793834	0.0110842684293	0.004181468107	-0.0361587563186	-0.0033150337835	0.00200259213736	0.0208879085888	0.0359483032886
34530	G64	G64 Other disorders of peripheral nervous system	940	2	940	Block G60-G64	Y	Y	-0.0227514528869	0.0286648088205	0.00233238486998	-0.013764851836	-0.000477791810185	-0.0120429370021	0.0235065923802	0.0164355058704	0.0109794741615	0.0238697348363
34540	G70	G70 Myasthenia gravis and other myoneural disorders	950	2	950	Block G70-G73	Y	Y	0.0140688886138	0.0366112379947	-0.00393409087065	-0.00658376939969	-0.0112298477264	-0.023655244131	-0.00747805911977	0.0338223861234	-0.0315990470683	-0.0151772944177
34550	G700	G70.0 Myasthenia gravis	34540	3	950	Block G70-G73	Y	Y	0.0141361369239	0.0366848667569	-0.0040338141693	-0.00664739275864	-0.0113291466007	-0.0236034682913	-0.00755971997897	0.0338696779549	-0.0316651381807	-0.0151844191178
34560	G701	G70.1 Toxic myoneural disorders	34540	3	950	Block G70-G73	Y	Y	0.0141830187237	0.0367037205871	-0.00407618580199	-0.00659824796471	-0.0113587764831	-0.0236374114942	-0.00752445552679	0.0338748375694	-0.0316831207881	-0.0151255816487
34570	G702	G70.2 Congenital and developmental myasthenia	34540	3	950	Block G70-G73	Y	Y	0.0141384916053	0.0366403885372	-0.00408102115346	-0.0065903145916	-0.0112977895641	-0.023542092603	-0.00758000940574	0.0338048231599	-0.0315911830805	-0.0151532755083
34580	G708	G70.8 Other specified myoneural disorders	34540	3	950	Block G70-G73	Y	Y	0.01409444424	0.0368458746537	-0.00396938829794	-0.00663383003926	-0.011192127781	-0.0237588526915	-0.00755960613006	0.0340208667437	-0.0316600491844	-0.01532556512
34590	G709	G70.9 Myoneural disorder, unspecified	34540	3	950	Block G70-G73	Y	Y	0.0141045271957	0.0367656543539	-0.00393470313133	-0.006633888688	-0.0111925099978	-0.0237108626998	-0.00752023031125	0.0340145417286	-0.0316714350898	-0.0153559286146
34600	G71	G71 Primary disorders of muscles	950	2	950	Block G70-G73	Y	Y	0.00882912002751	0.0270635994406	0.0203396917993	-0.014796721791	-0.00318366854748	-0.0290881043174	-3.82061707287e-05	0.0286344155545	-0.0345883763866	-0.0205196604956
34610	G710	G71.0 Muscular dystrophy	34600	3	950	Block G70-G73	Y	Y	0.00855520648525	0.0272227095268	0.0198881969613	-0.0146140056391	-0.00335915199127	-0.0289121209106	7.47720613506e-05	0.0286352870065	-0.0345801442246	-0.0205108667904
34620	G711	G71.1 Myotonic disorders	34600	3	950	Block G70-G73	Y	Y	0.00882379084447	0.0272949516886	0.020209704781	-0.014819078139	-0.00310138714333	-0.0291142483353	-3.42413785717e-05	0.0289139428862	-0.0346733657546	-0.020696433411
34630	G712	G71.2 Congenital myopathies	34600	3	950	Block G70-G73	Y	Y	0.00861299820191	0.0271923569378	0.020049910278	-0.014708301702	-0.00337480762827	-0.0290063211088	5.61667872427e-05	0.0286107128588	-0.0346611966012	-0.02049451148
34640	G713	G71.3 Mitochondrial myopathy, not elsewhere classified	34600	3	950	Block G70-G73	Y	Y	0.0085924733074	0.0271647321673	0.0200161709801	-0.014647414019	-0.00335203712065	-0.0289447673633	6.73165772101e-05	0.0285640040387	-0.0345996605659	-0.020490282169
34650	G718	G71.8 Other primary disorders of muscles	34600	3	950	Block G70-G73	Y	Y	0.00863769920063	0.0270795421747	0.019964510756	-0.0146005790584	-0.00329827275703	-0.0288915947121	5.69029281658e-05	0.0285245697959	-0.0345225109413	-0.0204967297185
34660	G719	G71.9 Primary disorder of muscle, unspecified	34600	3	950	Block G70-G73	Y	Y	0.00862637326656	0.0269506858314	0.0198623612787	-0.0146011224519	-0.00321642908683	-0.0288027993693	2.30964356877e-05	0.0284701749882	-0.0344250546308	-0.0204632083114
34670	G72	G72 Other myopathies	950	2	950	Block G70-G73	Y	Y	0.0038839026166	0.00321998510051	0.0235349400798	-0.0300675295754	-0.00330616107732	0.00843527039518	0.0426230436657	0.0101461092224	-0.0152604515916	-0.0313354001838
34680	G720	G72.0 Drug-induced myopathy	34670	3	950	Block G70-G73	Y	Y	0.00389485833136	0.00314582739251	0.0235156594468	-0.030150778042	-0.00332583872434	0.00852744183401	0.0427152681843	0.0101799519975	-0.0153537731191	-0.0313878959255
34690	G721	G72.1 Alcoholic myopathy	34670	3	950	Block G70-G73	Y	Y	0.00391635930662	0.00322833299601	0.0235809965115	-0.0301301489187	-0.00331720171312	0.00846873448702	0.0427129971803	0.0102030476609	-0.0153753735938	-0.0314352356875
34700	G722	G72.2 Myopathy due to other toxic agents	34670	3	950	Block G70-G73	Y	Y	0.0039116667728	0.00334288735007	0.0237233879703	-0.0301308565729	-0.00327360843373	0.00846713687704	0.0428335837484	0.0101499361719	-0.0153007706888	-0.0313622948968
34710	G723	G72.3 Periodic paralysis	34670	3	950	Block G70-G73	Y	Y	0.0039197903773	0.00328156971123	0.0236703902286	-0.0301780803662	-0.00334379827929	0.00849634085347	0.0428264246912	0.010233472591	-0.0153711337805	-0.0314368233843
34720	G724	G72.4 Inflammatory myopathy, not elsewhere classified	34670	3	950	Block G70-G73	Y	Y	0.00390518848121	0.00322899787466	0.0235930967508	-0.0301506920872	-0.00335195717481	0.00846761968416	0.0427607975783	0.0101985459525	-0.0153738796634	-0.031417270387
34730	G728	G72.8 Other specified myopathies	34670	3	950	Block G70-G73	Y	Y	0.0038569122001	0.00316746273291	0.0235396451353	-0.0302335352305	-0.00332689414075	0.00853414251915	0.0427909383788	0.0101568522033	-0.0153537820203	-0.0314638009478
34740	G729	G72.9 Myopathy, unspecified	34670	3	950	Block G70-G73	Y	Y	0.00386375185075	0.00319768189941	0.0236044524999	-0.0301769007061	-0.00336430527492	0.00852520649797	0.0427998862736	0.0101698775429	-0.0153646908083	-0.0314460313264
34750	G73	G73 Disorders of myoneural junction and muscle in diseases classified elsewhere	950	2	950	Block G70-G73	Y	Y	-0.00773613964139	0.0243138763798	0.00267602773758	0.00598798109906	0.00630899303892	-0.0350871673889	-0.0128466168546	0.0383439009836	-0.027649174758	-0.0179999991613
34760	G730	G73.0 Myasthenic syndromes in endocrine diseases	34750	3	950	Block G70-G73	Y	Y	-0.00766135929939	0.0247023399118	0.00282085533032	0.0057583221883	0.00621309730002	-0.035441721757	-0.0127791973327	0.0384446460383	-0.0278616542762	-0.0180054491133
34770	G731	G73.1 Eaton-Lambert syndrome	34750	3	950	Block G70-G73	Y	Y	-0.00771378663001	0.0245546716262	0.00270746599854	0.00607178113306	0.00647090682336	-0.0351880948748	-0.0128038821757	0.0385475771325	-0.0277912914075	-0.0180661178325
34780	G732	G73.2 Other myasthenic syndromes in neoplastic disease	34750	3	950	Block G70-G73	Y	Y	-0.00773785125165	0.0245514170217	0.00272332594198	0.0060007955364	0.0063505151498	-0.0352302280565	-0.0127880201447	0.0384949612	-0.0277759951126	-0.0180516647618
34790	G733	G73.3 Myasthenic syndromes in other diseases classified elsewhere	34750	3	950	Block G70-G73	Y	Y	-0.00780418942276	0.0244408750482	0.00267960671065	0.00603116907315	0.00629926041042	-0.0351950210019	-0.0128130978418	0.0383679740894	-0.0277469024117	-0.0180216081805
34800	G734	G73.4 Myopathy in infectious and parasitic diseases classified elsewhere	34750	3	950	Block G70-G73	Y	Y	-0.00770258317571	0.0247484663865	0.00281389252978	0.00588688194105	0.006366782006	-0.0352298609983	-0.0126862797944	0.0385219511071	-0.0278476994194	-0.0180241384674
34810	G735	G73.5 Myopathy in endocrine diseases	34750	3	950	Block G70-G73	Y	Y	-0.00768262665185	0.0245999024401	0.00279043833286	0.00596642741445	0.00634209768431	-0.035095654673	-0.0126711164413	0.0384566565335	-0.0277719257442	-0.0180323237023
34820	G736	G73.6 Myopathy in metabolic diseases	34750	3	950	Block G70-G73	Y	Y	-0.0076410896528	0.024589903373	0.00276674046298	0.00583829209346	0.00631125915327	-0.0352007112513	-0.0127478799402	0.0383711761471	-0.0278152484294	-0.0180426144777
34830	G737	G73.7 Myopathy other diseases classified elsewhere	34750	3	950	Block G70-G73	Y	Y	-0.00777729303569	0.0244703093614	0.00264678680394	0.00625022395585	0.00658095484002	-0.0350884829543	-0.0128431568106	0.038677121088	-0.0277869658162	-0.0181393968459
34840	G80	G80 Infantile cerebral palsy	960	2	960	Block G80-G83	Y	Y	0.02878184106	7.31332746176e-06	-0.0265575924732	0.00630044181818	0.0416168821705	-0.0136132972634	-0.0102939070722	0.0133671385777	0.0264553887497	0.0132437118398
34850	G800	G80.0 Spastic cerebral palsy	34840	3	960	Block G80-G83	Y	Y	0.0287616341153	6.3193143486e-05	-0.0265997258993	0.0063037462866	0.0416563101363	-0.0136499647964	-0.0103598073629	0.0133432260844	0.0265298479662	0.0132494546855
34860	G801	G80.1 Spastic diplegia	34840	3	960	Block G80-G83	Y	Y	0.0289150705862	6.66330307745e-05	-0.0266175632456	0.00641044781487	0.0416801201032	-0.0136420756647	-0.0103979329171	0.0134521899259	0.0265477543715	0.0133574880922
34870	G802	G80.2 Infantile hemiplegia	34840	3	960	Block G80-G83	Y	Y	0.0288813438894	5.39507335538e-05	-0.0266019918239	0.00635595240338	0.0417364947478	-0.0136832895483	-0.0103154421878	0.013397389777	0.0265364468247	0.0133750958189
34880	G803	G80.3 Dyskinetic cerebral palsy	34840	3	960	Block G80-G83	Y	Y	0.0288384750311	8.8380169417e-05	-0.0266075688526	0.00643060828297	0.0416201517203	-0.0136032070842	-0.0104333975674	0.0134822556505	0.026536690533	0.0133038171162
34890	G804	G80.4 Ataxic cerebral palsy	34840	3	960	Block G80-G83	Y	Y	0.0289781654691	0.000157222313062	-0.026628606976	0.00653662129369	0.0416222353255	-0.0135743443581	-0.0105423835756	0.0136412049296	0.0265668943612	0.0133791334385
34900	G808	G80.8 Other infantile cerebral palsy	34840	3	960	Block G80-G83	Y	Y	0.0288143175774	9.05627815296e-05	-0.0265890991593	0.00634725000248	0.0416100430764	-0.0136013815086	-0.010420560375	0.0134277144195	0.0264959809464	0.013276233702
34910	G809	G80.9 Infantile cerebral palsy, unspecified	34840	3	960	Block G80-G83	Y	Y	0.0289755141709	0.000193921597109	-0.0266298006246	0.00660246926724	0.041562425072	-0.0135443284084	-0.0106077251918	0.0136666406151	0.0265686083568	0.0133850494255
34920	G81	G81 Hemiplegia	960	2	960	Block G80-G83	Y	Y	0.0114012878955	-0.0126570102821	-0.0245517410249	-0.0145782102234	0.0492254544745	-0.0230882979968	0.00534713103781	-0.00444070352962	0.0227108859556	-0.00339436540185
34930	G810	G81.0 Flaccid hemiplegia	34920	3	960	Block G80-G83	Y	Y	0.0113889116439	-0.0126452524499	-0.0245004357418	-0.0146690663655	0.0492434430675	-0.0231265625308	0.00534060565722	-0.00436650100264	0.022812078657	-0.00341884717658
34940	G811	G81.1 Spastic hemiplegia	34920	3	960	Block G80-G83	Y	Y	0.0114063627729	-0.0125844845139	-0.0242054211158	-0.0150127009476	0.0490999204198	-0.0232426697102	0.0054055776053	-0.00417451266441	0.0231579526902	-0.0033769091196
34950	G819	G81.9 Hemiplegia, unspecified	34920	3	960	Block G80-G83	Y	Y	0.0113606303112	-0.0126562356711	-0.0244159209902	-0.0147431273112	0.0492040461125	-0.0232034953674	0.00533937353239	-0.0043373966473	0.0228938783103	-0.00340658493119
34960	G82	G82 Paraplegia and tetraplegia	960	2	960	Block G80-G83	Y	Y	0.0115944967011	-0.0157181356999	-0.0261106626155	-0.0181207919827	0.0472246486031	-0.00960669462027	0.0151115925654	-0.000738111852381	0.0264226892035	-0.000872026666579
34970	G820	G82.0 Flaccid paraplegia	34960	3	960	Block G80-G83	Y	Y	0.0116379351347	-0.0158081935053	-0.0262064162866	-0.018191419943	0.0474032791404	-0.00960958305138	0.0152031602755	-0.000721713150224	0.0265419159003	-0.000859766276978
34980	G821	G82.1 Spastic paraplegia	34960	3	960	Block G80-G83	Y	Y	0.0116107151938	-0.0158165965985	-0.0260788655593	-0.0181441260906	0.0471965382711	-0.00954706105429	0.0150876056008	-0.000696662655201	0.0263838689522	-0.000899975215249
34990	G822	G82.2 Paraplegia, unspecified	34960	3	960	Block G80-G83	Y	Y	0.0116168303072	-0.0156814296079	-0.0260981671494	-0.018101104253	0.0472486296976	-0.0096589029796	0.0151037352103	-0.000778451082205	0.0264152938862	-0.000816985090373
35000	G823	G82.3 Flaccid tetraplegia	34960	3	960	Block G80-G83	Y	Y	0.0116079319628	-0.0157314074597	-0.0261018269276	-0.0181181595391	0.0473242612951	-0.00962633232525	0.0150625326108	-0.000823658982453	0.0264521813772	-0.000846709374309
35010	G824	G82.4 Spastic tetraplegia	34960	3	960	Block G80-G83	Y	Y	0.0116457686191	-0.0156798613401	-0.0261028154155	-0.0180213732444	0.0473629734148	-0.00982478841021	0.0149883752082	-0.000883202983092	0.0264461503975	-0.000784775563842
35020	G825	G82.5 Tetraplegia, unspecified	34960	3	960	Block G80-G83	Y	Y	0.0116488646359	-0.0158642579681	-0.0261739868846	-0.0181975703014	0.0473744678874	-0.00961236870409	0.0151459931996	-0.000695255906845	0.0264838219476	-0.000888529245611
35040	G830	G83.0 Diplegia of upper limbs	35030	3	960	Block G80-G83	Y	Y	0.0111640716998	-0.00226388696319	-0.0124165144023	-0.0365405507091	0.0344107479079	-0.0221397859861	0.0125736634027	-0.0289698914031	0.000368604365778	-0.00857880716513
35050	G831	G83.1 Monoplegia of lower limb	35030	3	960	Block G80-G83	Y	Y	0.0111821766625	-0.00237342228639	-0.0124429569779	-0.0365052878446	0.0344747778796	-0.0221941201487	0.012584346017	-0.028911250376	0.000438541227831	-0.00862209464472
35060	G832	G83.2 Monoplegia of upper limb	35030	3	960	Block G80-G83	Y	Y	0.0111014276685	-0.00235878041649	-0.0122939452202	-0.03648116415	0.0343095484817	-0.0221320584256	0.012456689257	-0.0289464169009	0.000553555357382	-0.00875762161155
35070	G833	G83.3 Monoplegia, unspecified	35030	3	960	Block G80-G83	Y	Y	0.0110866452008	-0.00215259339946	-0.0124278238012	-0.0366030334426	0.0342702006723	-0.0220554070274	0.0124518308597	-0.0289593528365	0.000586417252587	-0.0086068735087
35080	G834	G83.4 Cauda equina syndrome	35030	3	960	Block G80-G83	Y	Y	0.0111203633566	-0.00238433175366	-0.0123120148768	-0.0364861613236	0.0343098406916	-0.0221284178316	0.0124557403448	-0.028920969873	0.000573931641239	-0.00874064378908
35090	G835	G83.5 Locked-in syndrome	35030	3	960	Block G80-G83	Y	Y	0.011214608922	-0.0025507530319	-0.0124962256932	-0.0364840252396	0.0347703374068	-0.0224245229536	0.0127713921492	-0.0291052626578	0.00019599356836	-0.00866173482326
35100	G838	G83.8 Other specified paralytic syndromes	35030	3	960	Block G80-G83	Y	Y	0.0111513918642	-0.00243196248975	-0.01236206373	-0.036417445079	0.0344217885345	-0.0222010944766	0.0125321493182	-0.0288982620476	0.000530012774456	-0.00870396497218
35110	G839	G83.9 Paralytic syndrome, unspecified	35030	3	960	Block G80-G83	Y	Y	0.0110834088697	-0.00221104085917	-0.012379621656	-0.0365690571372	0.0342907285427	-0.0221164063226	0.0124984546283	-0.0289978964702	0.000436898937366	-0.00866257325585
35130	G900	G90.0 Idiopathic peripheral autonomic neuropathy	35120	3	970	Block G90-G99	Y	Y	0.0177747998412	0.000150076410708	-0.0404549241604	0.0313783737939	0.00019415944962	-0.012304749349	0.0220389055342	-0.0180533631072	-0.0219224879434	0.0175478102819
35140	G901	G90.1 Familial dysautonomia [Riley-Day]	35120	3	970	Block G90-G99	Y	Y	0.0176144628937	0.000137885626423	-0.0402486459551	0.0313577364173	0.000182770484343	-0.0123607998465	0.0220338675382	-0.0180342773234	-0.0219549382165	0.0175425738487
35150	G902	G90.2 Horner's syndrome	35120	3	970	Block G90-G99	Y	Y	0.0176754730464	0.000153793853019	-0.0403056700705	0.0313351632227	0.000171935939867	-0.012274356365	0.0219716992688	-0.0180753754651	-0.0218941003336	0.0175079234661
35160	G903	G90.3 Multisystem degeneration	35120	3	970	Block G90-G99	Y	Y	0.0178552318214	0.000273986756199	-0.04048690817	0.031305186415	0.000178309668496	-0.0121151669092	0.0218329177859	-0.0180702908824	-0.0217562102214	0.0174074753969
35170	G904	G90.4 Autonomic dysreflexia	35120	3	970	Block G90-G99	Y	Y	0.0176090296286	0.000124016094225	-0.0403153671122	0.0313435435351	0.000227466802756	-0.0120539495013	0.0219291799361	-0.0182654257228	-0.0219295679442	0.0175934016144
35180	G908	G90.8 Other disorders of autonomic nervous system	35120	3	970	Block G90-G99	Y	Y	0.0177329234685	0.000175196336639	-0.0404422651019	0.0313539210505	0.000177411695361	-0.0120684483649	0.0218723642414	-0.0181788132606	-0.0218503123628	0.0175336107157
35190	G909	G90.9 Disorder of autonomic nervous system, unspecified	35120	3	970	Block G90-G99	Y	Y	0.0176644495162	0.000180940969118	-0.0403739987306	0.0313251353721	0.000143422613861	-0.0122024076881	0.021901045857	-0.0180240569646	-0.021815027428	0.017485489858
35200	G91	G91 Hydrocephalus	970	2	970	Block G90-G99	Y	Y	-0.0135755890974	-0.0207962032449	-0.000602675971111	0.0140442548755	0.0216304939434	-0.000187127960388	0.023957247194	-0.0226591791358	-0.0416710176219	0.02598515946
35210	G910	G91.0 Communicating hydrocephalus	35200	3	970	Block G90-G99	Y	Y	-0.0135879948819	-0.0206617244572	-0.000452474116097	0.0139742668274	0.0214896061038	-0.000201512493875	0.0238925746406	-0.0225179262681	-0.0414695351762	0.0258594613263
35220	G911	G91.1 Obstructive hydrocephalus	35200	3	970	Block G90-G99	Y	Y	-0.0135702450258	-0.020682352989	-0.000458418555504	0.0140170115327	0.0215159778635	-0.000248044129423	0.0239102116205	-0.0225601135539	-0.0414957209644	0.0258828412455
35230	G912	G91.2 Normal-pressure hydrocephalus	35200	3	970	Block G90-G99	Y	Y	-0.0137519078418	-0.0208052605302	-0.000428372903795	0.0138902105911	0.021554823059	-0.000138897482546	0.0239100473282	-0.0224792368687	-0.0414704405499	0.0258327246466
35240	G913	G91.3 Posttraumatic hydrocephalus, unspecified	35200	3	970	Block G90-G99	Y	Y	-0.0137333585186	-0.0207664200768	-0.000413374242929	0.0139079652296	0.0215629906995	-0.000173245731907	0.0239376733593	-0.0225097763634	-0.0415056554162	0.0258985205664
35250	G918	G91.8 Other hydrocephalus	35200	3	970	Block G90-G99	Y	Y	-0.0136130294031	-0.0206065477638	-0.000373666242798	0.013933893891	0.0214953144398	-0.000259874107251	0.0238683027862	-0.0224549692653	-0.0413928616107	0.0258372462256
35260	G919	G91.9 Hydrocephalus, unspecified	35200	3	970	Block G90-G99	Y	Y	-0.0136403706307	-0.020702598288	-0.000431123808358	0.0139816414956	0.0215657175875	-0.000247994446889	0.0239510635333	-0.0225724695087	-0.0415640986298	0.0259285654251
35270	G92	G92 Toxic encephalopathy	970	2	970	Block G90-G99	Y	Y	0.00518851769615	-0.00890481011824	-0.0124842874298	0.0213555029009	0.0103504188634	0.000989429485673	0.0178875204576	-0.0244936971378	-0.0304169593574	0.0230685274794
35280	G93	G93 Other disorders of brain	970	2	970	Block G90-G99	Y	Y	0.0271821548068	-0.0128057418577	-0.00400676053846	0.032274629396	0.0083286844909	0.00501265000854	0.009598935456	-0.0234445935845	-0.0236059395773	0.0379196566977
35290	G930	G93.0 Cerebral cysts	35280	3	970	Block G90-G99	Y	Y	0.0272379850854	-0.0128072240345	-0.00404201668066	0.0323904498656	0.00847697151988	0.00500830848996	0.00957339095755	-0.0235328152044	-0.0236571712796	0.0380611045485
35300	G931	G93.1 Anoxic brain damage, not elsewhere classified	35280	3	970	Block G90-G99	Y	Y	0.0271667894796	-0.0127604825343	-0.00403969134678	0.0321873763284	0.00829225426144	0.0050616482129	0.00970016524479	-0.0234328349686	-0.0236308834441	0.037939690805
35310	G932	G93.2 Benign intracranial hypertension	35280	3	970	Block G90-G99	Y	Y	0.0271879732588	-0.0127823706462	-0.00402318927723	0.0321371146808	0.00824354730718	0.00508299317691	0.00969586549673	-0.0233909636946	-0.023623908957	0.0379262901614
35320	G933	G93.3 Postviral fatigue syndrome	35280	3	970	Block G90-G99	Y	Y	0.0272822817268	-0.0127898472324	-0.00396534631975	0.0321316093129	0.0082532725078	0.00512472985696	0.0096537589699	-0.0233516351053	-0.0235505252739	0.0379557965028
35330	G934	G93.4 Encephalopathy, unspecified	35280	3	970	Block G90-G99	Y	Y	0.027288728311	-0.0127998605354	-0.00393780028267	0.0321937870423	0.00828508757564	0.00511018327565	0.0096358450787	-0.0233762795954	-0.0235525204599	0.0379675835954
35340	G935	G93.5 Compression of brain	35280	3	970	Block G90-G99	Y	Y	0.0272656448579	-0.0127998205376	-0.00402144167179	0.0322830870186	0.00830113495985	0.00506489883507	0.00961625584038	-0.0233981451783	-0.0235703097342	0.0380354460397
35350	G936	G93.6 Cerebral oedema	35280	3	970	Block G90-G99	Y	Y	0.0271526201874	-0.012782266467	-0.0040451448092	0.0320594092269	0.00814371594412	0.00509948973561	0.00984931773282	-0.0233906385007	-0.0236505654079	0.0379019393418
35360	G937	G93.7 Reye's syndrome	35280	3	970	Block G90-G99	Y	Y	0.0271370129624	-0.0127750729881	-0.00407001209903	0.0323973369652	0.00853847041561	0.00499862555423	0.00953976418454	-0.0235080669041	-0.0236457163078	0.0380097929146
35370	G938	G93.8 Other specified disorders of brain	35280	3	970	Block G90-G99	Y	Y	0.0272560015796	-0.0127661163587	-0.0040408190328	0.0322696071063	0.00834382261956	0.00506553625512	0.00964584612853	-0.0234508981125	-0.0236159518864	0.0380207496575
35380	G939	G93.9 Disorder of brain, unspecified	35280	3	970	Block G90-G99	Y	Y	0.0272336193788	-0.012752973037	-0.00403032923697	0.0322720001201	0.00839856041786	0.00505672099662	0.00961847454302	-0.0234379152021	-0.0235893533158	0.0380404720526
35400	G940	G94.0 Hydrocephalus in infectious and parasitic diseases classified elsewhere	35390	3	970	Block G90-G99	Y	Y	0.00282565796601	-0.0177984142324	-0.00353707963948	0.0209326728008	0.0144040262911	0.00153099842328	0.0231269053545	-0.0436807447702	-0.0276073161524	0.0226131988733
35410	G941	G94.1 Hydrocephalus in neoplastic disease	35390	3	970	Block G90-G99	Y	Y	0.00283373884871	-0.0177042495208	-0.00382214393493	0.0209822041874	0.0148265939677	0.00150252643478	0.0232865577639	-0.0436731080134	-0.0278539784669	0.022993622947
35420	G942	G94.2 Hydrocephalus in other diseases classified elsewhere	35390	3	970	Block G90-G99	Y	Y	0.00286639803108	-0.0177159182404	-0.00357611473115	0.020878950972	0.0146994117731	0.00147486177548	0.0231506415382	-0.0436899461345	-0.0276677571004	0.0226986463249
35430	G948	G94.8 Other specified disorders of brain in diseases classified elsewhere	35390	3	970	Block G90-G99	Y	Y	0.00278044985083	-0.0177235940514	-0.00368757399573	0.0209844283945	0.0146156794598	0.00153737320835	0.0232000376269	-0.043619456081	-0.0277396392683	0.0228668621551
35440	G95	G95 Other diseases of spinal cord	970	2	970	Block G90-G99	Y	Y	0.00867449946987	-0.00933738277398	-0.0161212551648	0.0252682571959	0.0114352463914	0.00451336428463	0.0367249236887	-0.0290502410882	-0.0313314031732	0.0167524775681
35450	G950	G95.0 Syringomyelia and syringobulbia	35440	3	970	Block G90-G99	Y	Y	0.00875638100028	-0.00935556942459	-0.0162248848531	0.0252673848834	0.0114897723495	0.00451118687465	0.0369697402689	-0.0290929567113	-0.031396411986	0.0168053012187
35460	G951	G95.1 Vascular myelopathies	35440	3	970	Block G90-G99	Y	Y	0.00870327093771	-0.0093634349336	-0.0161430661998	0.0253450005859	0.0114652761169	0.00452765080004	0.0368271354649	-0.029118226468	-0.0314022881906	0.0168188109516
35470	G952	G95.2 Cord compression, unspecified	35440	3	970	Block G90-G99	Y	Y	0.00874869124376	-0.00934584487876	-0.0161922042307	0.0252585721479	0.0114226745818	0.0045000264239	0.0369007478994	-0.029055751275	-0.0313380668705	0.0167263813601
35480	G958	G95.8 Other specified diseases of spinal cord	35440	3	970	Block G90-G99	Y	Y	0.00867500480406	-0.00935503923966	-0.0161178165312	0.0253453723719	0.0114344074205	0.00452526553156	0.0367158540139	-0.0291049913488	-0.03140144708	0.0168160081119
35490	G959	G95.9 Disease of spinal cord, unspecified	35440	3	970	Block G90-G99	Y	Y	0.00871597519122	-0.00931485857283	-0.0161369485004	0.0252468828863	0.0113970845687	0.00447785195779	0.0367528887233	-0.0289913544072	-0.0312953384209	0.0167055190849
35500	G96	G96 Other disorders of central nervous system	970	2	970	Block G90-G99	Y	Y	0.00408838263808	-0.00224664715402	-0.0207039676255	0.0235095863712	0.00801666124381	-0.00453122040812	0.00765192545449	-0.0370238699772	-0.0380983599499	0.027306290125
35510	G960	G96.0 Cerebrospinal fluid leak	35500	3	970	Block G90-G99	Y	Y	0.00409998137894	-0.00224683625737	-0.020702933844	0.0234939899178	0.00808644067067	-0.00456711118184	0.00771019304668	-0.0370475820687	-0.0381634770825	0.0271661963582
35520	G961	G96.1 Disorders of meninges, not elsewhere classified	35500	3	970	Block G90-G99	Y	Y	0.0040309186391	-0.00229103935994	-0.0207156928848	0.0235917303402	0.00812167267501	-0.00452824183006	0.00780956807117	-0.0371485611045	-0.0382283697655	0.0272228408648
35530	G968	G96.8 Other specified disorders of central nervous system	35500	3	970	Block G90-G99	Y	Y	0.00402040779986	-0.00225394074024	-0.0206478367518	0.023520095344	0.00803854898865	-0.00456279183837	0.00766866977104	-0.0369939643478	-0.0380631663824	0.0271352327526
35540	G969	G96.9 Disorder of central nervous system, unspecified	35500	3	970	Block G90-G99	Y	Y	0.00402227595924	-0.00225768464785	-0.0207353854034	0.0236147395828	0.0081264439387	-0.00455468457553	0.00771694107965	-0.0372175411684	-0.0382462115095	0.0272434574561
35550	G97	G97 Postprocedural disorders of nervous system, not elsewhere classified	970	2	970	Block G90-G99	Y	Y	-0.00120488120767	-0.014028793547	-0.0102389634854	0.0332512520732	0.0234217710968	0.00784772209249	0.0129077102402	-0.0146897379608	-0.036436764323	0.0301404840279
35560	G970	G97.0 Cerebrospinal fluid leak from spinal puncture	35550	3	970	Block G90-G99	Y	Y	-0.0010619998308	-0.0139302327826	-0.0103946983259	0.0331531790697	0.0233273782247	0.00770984307644	0.0129674285682	-0.0148701091995	-0.0364506785925	0.0302176993318
35570	G971	G97.1 Other reaction to spinal and lumbar puncture	35550	3	970	Block G90-G99	Y	Y	-0.00114703885793	-0.0139328100936	-0.0103078080682	0.033341102809	0.0235155824974	0.00781042715715	0.0129099307161	-0.0145755982988	-0.0365278411286	0.0302980705309
35580	G972	G97.2 Intracranial hypotension following ventricular shunting	35550	3	970	Block G90-G99	Y	Y	-0.00120142751712	-0.0140501785502	-0.010264298487	0.033329380928	0.0234831422194	0.00786490773278	0.0129571558995	-0.0147515813395	-0.0365385742977	0.030203304395
35590	G978	G97.8 Other postprocedural disorders of nervous system	35550	3	970	Block G90-G99	Y	Y	-0.00114441599924	-0.0139588167089	-0.0103298653445	0.0333056521333	0.0234690141952	0.00780145964224	0.0129298540736	-0.0146726856403	-0.0365046282681	0.0302658187639
35600	G979	G97.9 Postprocedural disorder of nervous system, unspecified	35550	3	970	Block G90-G99	Y	Y	-0.00107990197767	-0.0139453465681	-0.0103787999608	0.033211752521	0.0233395014063	0.00774388517401	0.012973339699	-0.0148236148679	-0.0364881807369	0.0302276310962
35610	G98	G98 Other disorders of nervous system, not elsewhere classified	970	2	970	Block G90-G99	Y	Y	0.00502631799885	-0.00902246574867	-0.0122036702626	0.0211348154134	0.0104168088208	0.00109298094872	0.0178917260419	-0.0244314082488	-0.030504334115	0.0230696066194
35620	G99	G99 Other disorders of nervous system in diseases classified elsewhere	970	2	970	Block G90-G99	Y	Y	0.00617258503955	-0.0017730741663	-0.0176366507858	0.0131944204273	0.00629743373366	0.0057168375933	0.0192629132634	-0.0249542959478	-0.0475738589366	0.0284396715095
35630	G990	G99.0 Autonomic neuropathy in endocrine and metabolic diseases	35620	3	970	Block G90-G99	Y	Y	0.00618187095478	-0.00194229904189	-0.0177767351876	0.0132693995472	0.00636240616681	0.0056507648277	0.0192242024919	-0.0250893680896	-0.0474491387743	0.0284511810321
35640	G991	G99.1 Other disorders of autonomic nervous system in other diseases classified elsewhere	35620	3	970	Block G90-G99	Y	Y	0.00614108054243	-0.00194113864376	-0.0176261307171	0.0133268393524	0.00640048225351	0.00566645362872	0.0193029234636	-0.025053262415	-0.0474601879199	0.0284354116228
35650	G992	G99.2 Myelopathy in diseases classified elsewhere	35620	3	970	Block G90-G99	Y	Y	0.00617734214398	-0.00192052635459	-0.0175698854531	0.0133653866976	0.00637711671835	0.00568178027558	0.0193562864787	-0.0250035612759	-0.047483067709	0.0284254942667
35660	G998	G99.8 Other specified disorders of nervous system in diseases classified elsewhere	35620	3	970	Block G90-G99	Y	Y	0.00615875936725	-0.00196032210973	-0.0176463692577	0.0133276524921	0.00641069847641	0.00564561619766	0.019271099912	-0.0250666691565	-0.0473961043703	0.0284128793586
